rho,trial,q,sat_seed,size_null_seed,checkpoint_swaps_per_edge,rewire_seed,stage_successful_swaps,stage_attempted_swaps,cumulative_successful_swaps,cumulative_attempted_swaps,stage_acceptance_rate,clustering,degree_sequence_sha256,size_sequence_sha256,sat_degree_sequence_sha256,sat_size_sequence_sha256
3.0,0,507,2614081774,3517429150,20,844487942,10140,10163,10140,10163,0.9977368887139624,0.21023652571188706,cbd4c433cfb4ee3ef222adb39913e84522c1fb9d1cff10da5b64d9700fcc2912,760c6ec3934c5adfbd185975d335e3a58c19d042b78627f20dcb86648c5204fd,cbd4c433cfb4ee3ef222adb39913e84522c1fb9d1cff10da5b64d9700fcc2912,760c6ec3934c5adfbd185975d335e3a58c19d042b78627f20dcb86648c5204fd
3.0,0,507,2614081774,3517429150,50,3327953377,15210,15245,25350,25408,0.9977041653000984,0.21475661962610051,cbd4c433cfb4ee3ef222adb39913e84522c1fb9d1cff10da5b64d9700fcc2912,760c6ec3934c5adfbd185975d335e3a58c19d042b78627f20dcb86648c5204fd,cbd4c433cfb4ee3ef222adb39913e84522c1fb9d1cff10da5b64d9700fcc2912,760c6ec3934c5adfbd185975d335e3a58c19d042b78627f20dcb86648c5204fd
3.0,0,507,2614081774,3517429150,100,76522087,25350,25423,50700,50831,0.9971285843527514,0.2102409195243141,cbd4c433cfb4ee3ef222adb39913e84522c1fb9d1cff10da5b64d9700fcc2912,760c6ec3934c5adfbd185975d335e3a58c19d042b78627f20dcb86648c5204fd,cbd4c433cfb4ee3ef222adb39913e84522c1fb9d1cff10da5b64d9700fcc2912,760c6ec3934c5adfbd185975d335e3a58c19d042b78627f20dcb86648c5204fd
3.0,0,507,2614081774,3517429150,200,2302557979,50700,50814,101400,101645,0.9977565237926556,0.2160402354259074,cbd4c433cfb4ee3ef222adb39913e84522c1fb9d1cff10da5b64d9700fcc2912,760c6ec3934c5adfbd185975d335e3a58c19d042b78627f20dcb86648c5204fd,cbd4c433cfb4ee3ef222adb39913e84522c1fb9d1cff10da5b64d9700fcc2912,760c6ec3934c5adfbd185975d335e3a58c19d042b78627f20dcb86648c5204fd
3.0,1,498,716465307,4004111967,20,3169600381,9960,9990,9960,9990,0.996996996996997,0.2195782300354596,78056d8d01ea7e97e9b5e5d0f2c7441e6ae1c2cf43b06edb6fa6cc98dd94496a,bdb3b244210469c21ab37f4f7a6a4c793f16556ba00be82ad7464e0e43ef0b68,78056d8d01ea7e97e9b5e5d0f2c7441e6ae1c2cf43b06edb6fa6cc98dd94496a,bdb3b244210469c21ab37f4f7a6a4c793f16556ba00be82ad7464e0e43ef0b68
3.0,1,498,716465307,4004111967,50,139529806,14940,14982,24900,24972,0.9971966359631558,0.22023317753848437,78056d8d01ea7e97e9b5e5d0f2c7441e6ae1c2cf43b06edb6fa6cc98dd94496a,bdb3b244210469c21ab37f4f7a6a4c793f16556ba00be82ad7464e0e43ef0b68,78056d8d01ea7e97e9b5e5d0f2c7441e6ae1c2cf43b06edb6fa6cc98dd94496a,bdb3b244210469c21ab37f4f7a6a4c793f16556ba00be82ad7464e0e43ef0b68
3.0,1,498,716465307,4004111967,100,2486861982,24900,24982,49800,49954,0.9967176366984228,0.21732945277048632,78056d8d01ea7e97e9b5e5d0f2c7441e6ae1c2cf43b06edb6fa6cc98dd94496a,bdb3b244210469c21ab37f4f7a6a4c793f16556ba00be82ad7464e0e43ef0b68,78056d8d01ea7e97e9b5e5d0f2c7441e6ae1c2cf43b06edb6fa6cc98dd94496a,bdb3b244210469c21ab37f4f7a6a4c793f16556ba00be82ad7464e0e43ef0b68
3.0,1,498,716465307,4004111967,200,4121331258,49800,49956,99600,99910,0.9968772519817439,0.21778529386287743,78056d8d01ea7e97e9b5e5d0f2c7441e6ae1c2cf43b06edb6fa6cc98dd94496a,bdb3b244210469c21ab37f4f7a6a4c793f16556ba00be82ad7464e0e43ef0b68,78056d8d01ea7e97e9b5e5d0f2c7441e6ae1c2cf43b06edb6fa6cc98dd94496a,bdb3b244210469c21ab37f4f7a6a4c793f16556ba00be82ad7464e0e43ef0b68
3.0,2,464,4148766413,1504734383,20,3021092666,9280,9307,9280,9307,0.9970989577737187,0.23754964679845836,6db1fb22304fada335bb13dd98b5c9c1dc9a1a2995fe41a9776dd5caa90d9137,76c7bd0666320ae30fd31f9d03464969ae2dffb12347fcba9705bc386321c9d9,6db1fb22304fada335bb13dd98b5c9c1dc9a1a2995fe41a9776dd5caa90d9137,76c7bd0666320ae30fd31f9d03464969ae2dffb12347fcba9705bc386321c9d9
3.0,2,464,4148766413,1504734383,50,2201399396,13920,13955,23200,23262,0.9974919383733429,0.2323549806738391,6db1fb22304fada335bb13dd98b5c9c1dc9a1a2995fe41a9776dd5caa90d9137,76c7bd0666320ae30fd31f9d03464969ae2dffb12347fcba9705bc386321c9d9,6db1fb22304fada335bb13dd98b5c9c1dc9a1a2995fe41a9776dd5caa90d9137,76c7bd0666320ae30fd31f9d03464969ae2dffb12347fcba9705bc386321c9d9
3.0,2,464,4148766413,1504734383,100,2297201771,23200,23262,46400,46524,0.9973347089674147,0.2321998436091599,6db1fb22304fada335bb13dd98b5c9c1dc9a1a2995fe41a9776dd5caa90d9137,76c7bd0666320ae30fd31f9d03464969ae2dffb12347fcba9705bc386321c9d9,6db1fb22304fada335bb13dd98b5c9c1dc9a1a2995fe41a9776dd5caa90d9137,76c7bd0666320ae30fd31f9d03464969ae2dffb12347fcba9705bc386321c9d9
3.0,2,464,4148766413,1504734383,200,976879991,46400,46535,92800,93059,0.9970989577737187,0.23298947143813217,6db1fb22304fada335bb13dd98b5c9c1dc9a1a2995fe41a9776dd5caa90d9137,76c7bd0666320ae30fd31f9d03464969ae2dffb12347fcba9705bc386321c9d9,6db1fb22304fada335bb13dd98b5c9c1dc9a1a2995fe41a9776dd5caa90d9137,76c7bd0666320ae30fd31f9d03464969ae2dffb12347fcba9705bc386321c9d9
3.0,3,471,2250537456,370367015,20,3764376936,9420,9448,9420,9448,0.9970364098221846,0.22105456648973548,16b48f88a53d93cf44f9c25738f0c6fff5e83dc5c6ef550a404c0b62a3e1a72a,a5a2bbd076a1bd0df2e34d75840535959250c2645af69a64b21c52978b65eeab,16b48f88a53d93cf44f9c25738f0c6fff5e83dc5c6ef550a404c0b62a3e1a72a,a5a2bbd076a1bd0df2e34d75840535959250c2645af69a64b21c52978b65eeab
3.0,3,471,2250537456,370367015,50,752170425,14130,14156,23550,23604,0.9981633229725911,0.21891454469580576,16b48f88a53d93cf44f9c25738f0c6fff5e83dc5c6ef550a404c0b62a3e1a72a,a5a2bbd076a1bd0df2e34d75840535959250c2645af69a64b21c52978b65eeab,16b48f88a53d93cf44f9c25738f0c6fff5e83dc5c6ef550a404c0b62a3e1a72a,a5a2bbd076a1bd0df2e34d75840535959250c2645af69a64b21c52978b65eeab
3.0,3,471,2250537456,370367015,100,3458509286,23550,23604,47100,47208,0.9977122521606507,0.22291641508482546,16b48f88a53d93cf44f9c25738f0c6fff5e83dc5c6ef550a404c0b62a3e1a72a,a5a2bbd076a1bd0df2e34d75840535959250c2645af69a64b21c52978b65eeab,16b48f88a53d93cf44f9c25738f0c6fff5e83dc5c6ef550a404c0b62a3e1a72a,a5a2bbd076a1bd0df2e34d75840535959250c2645af69a64b21c52978b65eeab
3.0,3,471,2250537456,370367015,200,3849830202,47100,47212,94200,94420,0.9976277217656528,0.2232882028543845,16b48f88a53d93cf44f9c25738f0c6fff5e83dc5c6ef550a404c0b62a3e1a72a,a5a2bbd076a1bd0df2e34d75840535959250c2645af69a64b21c52978b65eeab,16b48f88a53d93cf44f9c25738f0c6fff5e83dc5c6ef550a404c0b62a3e1a72a,a5a2bbd076a1bd0df2e34d75840535959250c2645af69a64b21c52978b65eeab
3.0,4,486,4056389277,1073606520,20,2711994196,9720,9741,9720,9741,0.9978441638435479,0.21253646840806395,08f9dd614f3eb30d2aac55e89896e1d05a71476627133020b11e207de6a462eb,738b1a8c3c3b5b199819d705bd1b4189bdd8237c6e9cc47a8520df2986c1dbc1,08f9dd614f3eb30d2aac55e89896e1d05a71476627133020b11e207de6a462eb,738b1a8c3c3b5b199819d705bd1b4189bdd8237c6e9cc47a8520df2986c1dbc1
3.0,4,486,4056389277,1073606520,50,642137281,14580,14620,24300,24361,0.9972640218878249,0.22073342653212671,08f9dd614f3eb30d2aac55e89896e1d05a71476627133020b11e207de6a462eb,738b1a8c3c3b5b199819d705bd1b4189bdd8237c6e9cc47a8520df2986c1dbc1,08f9dd614f3eb30d2aac55e89896e1d05a71476627133020b11e207de6a462eb,738b1a8c3c3b5b199819d705bd1b4189bdd8237c6e9cc47a8520df2986c1dbc1
3.0,4,486,4056389277,1073606520,100,3572519594,24300,24354,48600,48715,0.9977827050997783,0.21315603010740578,08f9dd614f3eb30d2aac55e89896e1d05a71476627133020b11e207de6a462eb,738b1a8c3c3b5b199819d705bd1b4189bdd8237c6e9cc47a8520df2986c1dbc1,08f9dd614f3eb30d2aac55e89896e1d05a71476627133020b11e207de6a462eb,738b1a8c3c3b5b199819d705bd1b4189bdd8237c6e9cc47a8520df2986c1dbc1
3.0,4,486,4056389277,1073606520,200,1971229633,48600,48725,97200,97440,0.9974345818368394,0.21693825890405424,08f9dd614f3eb30d2aac55e89896e1d05a71476627133020b11e207de6a462eb,738b1a8c3c3b5b199819d705bd1b4189bdd8237c6e9cc47a8520df2986c1dbc1,08f9dd614f3eb30d2aac55e89896e1d05a71476627133020b11e207de6a462eb,738b1a8c3c3b5b199819d705bd1b4189bdd8237c6e9cc47a8520df2986c1dbc1
3.0,5,468,1126769158,402627936,20,546469299,9360,9383,9360,9383,0.9975487583928381,0.23104223342166444,b6a83b1268835cbec79e96e68e2f71241bc4e6c4d7fc5cffe264a5e6e4a6b916,06b205ac2d1796aca9232866e395675fa57dee891d7663a138ac2c8fe061e92b,b6a83b1268835cbec79e96e68e2f71241bc4e6c4d7fc5cffe264a5e6e4a6b916,06b205ac2d1796aca9232866e395675fa57dee891d7663a138ac2c8fe061e92b
3.0,5,468,1126769158,402627936,50,3468152124,14040,14070,23400,23453,0.997867803837953,0.22426289716775738,b6a83b1268835cbec79e96e68e2f71241bc4e6c4d7fc5cffe264a5e6e4a6b916,06b205ac2d1796aca9232866e395675fa57dee891d7663a138ac2c8fe061e92b,b6a83b1268835cbec79e96e68e2f71241bc4e6c4d7fc5cffe264a5e6e4a6b916,06b205ac2d1796aca9232866e395675fa57dee891d7663a138ac2c8fe061e92b
3.0,5,468,1126769158,402627936,100,2737816289,23400,23452,46800,46905,0.9977827050997783,0.22728293556793255,b6a83b1268835cbec79e96e68e2f71241bc4e6c4d7fc5cffe264a5e6e4a6b916,06b205ac2d1796aca9232866e395675fa57dee891d7663a138ac2c8fe061e92b,b6a83b1268835cbec79e96e68e2f71241bc4e6c4d7fc5cffe264a5e6e4a6b916,06b205ac2d1796aca9232866e395675fa57dee891d7663a138ac2c8fe061e92b
3.0,5,468,1126769158,402627936,200,1973169247,46800,46924,93600,93829,0.9973574290341829,0.22701097615535915,b6a83b1268835cbec79e96e68e2f71241bc4e6c4d7fc5cffe264a5e6e4a6b916,06b205ac2d1796aca9232866e395675fa57dee891d7663a138ac2c8fe061e92b,b6a83b1268835cbec79e96e68e2f71241bc4e6c4d7fc5cffe264a5e6e4a6b916,06b205ac2d1796aca9232866e395675fa57dee891d7663a138ac2c8fe061e92b
3.0,6,464,1379450122,660912329,20,1747678996,9280,9309,9280,9309,0.9968847352024922,0.2450801562312717,062ebb6ac9273666739caf9d9ec5c2e6651be39fefd227c0d255107405c69370,8f879119a8e907b5a52a4c499fb95a234b0b82603eaf3281e92ea5b9e4a8744d,062ebb6ac9273666739caf9d9ec5c2e6651be39fefd227c0d255107405c69370,8f879119a8e907b5a52a4c499fb95a234b0b82603eaf3281e92ea5b9e4a8744d
3.0,6,464,1379450122,660912329,50,278286108,13920,13947,23200,23256,0.99806409980641,0.23661740244582183,062ebb6ac9273666739caf9d9ec5c2e6651be39fefd227c0d255107405c69370,8f879119a8e907b5a52a4c499fb95a234b0b82603eaf3281e92ea5b9e4a8744d,062ebb6ac9273666739caf9d9ec5c2e6651be39fefd227c0d255107405c69370,8f879119a8e907b5a52a4c499fb95a234b0b82603eaf3281e92ea5b9e4a8744d
3.0,6,464,1379450122,660912329,100,1536341502,23200,23250,46400,46506,0.9978494623655914,0.23923264182445234,062ebb6ac9273666739caf9d9ec5c2e6651be39fefd227c0d255107405c69370,8f879119a8e907b5a52a4c499fb95a234b0b82603eaf3281e92ea5b9e4a8744d,062ebb6ac9273666739caf9d9ec5c2e6651be39fefd227c0d255107405c69370,8f879119a8e907b5a52a4c499fb95a234b0b82603eaf3281e92ea5b9e4a8744d
3.0,6,464,1379450122,660912329,200,2446995907,46400,46511,92800,93017,0.997613467781815,0.2444052529133966,062ebb6ac9273666739caf9d9ec5c2e6651be39fefd227c0d255107405c69370,8f879119a8e907b5a52a4c499fb95a234b0b82603eaf3281e92ea5b9e4a8744d,062ebb6ac9273666739caf9d9ec5c2e6651be39fefd227c0d255107405c69370,8f879119a8e907b5a52a4c499fb95a234b0b82603eaf3281e92ea5b9e4a8744d
3.0,7,477,3452903825,2226302795,20,3103820198,9540,9563,9540,9563,0.9975948969988497,0.22753957399495728,d5bafed94729ce88779221f1e1cd6c01902f50d749c75b9a78b3a256407b1091,417b6c721c1a49acca9f4d378aa81a10b258f8129f83ea24b1682482adb93781,d5bafed94729ce88779221f1e1cd6c01902f50d749c75b9a78b3a256407b1091,417b6c721c1a49acca9f4d378aa81a10b258f8129f83ea24b1682482adb93781
3.0,7,477,3452903825,2226302795,50,3203215741,14310,14340,23850,23903,0.997907949790795,0.22604539659364895,d5bafed94729ce88779221f1e1cd6c01902f50d749c75b9a78b3a256407b1091,417b6c721c1a49acca9f4d378aa81a10b258f8129f83ea24b1682482adb93781,d5bafed94729ce88779221f1e1cd6c01902f50d749c75b9a78b3a256407b1091,417b6c721c1a49acca9f4d378aa81a10b258f8129f83ea24b1682482adb93781
3.0,7,477,3452903825,2226302795,100,2125964210,23850,23911,47700,47814,0.9974488729036844,0.23294898700369635,d5bafed94729ce88779221f1e1cd6c01902f50d749c75b9a78b3a256407b1091,417b6c721c1a49acca9f4d378aa81a10b258f8129f83ea24b1682482adb93781,d5bafed94729ce88779221f1e1cd6c01902f50d749c75b9a78b3a256407b1091,417b6c721c1a49acca9f4d378aa81a10b258f8129f83ea24b1682482adb93781
3.0,7,477,3452903825,2226302795,200,1611148864,47700,47822,95400,95636,0.9974488729036844,0.225843952486483,d5bafed94729ce88779221f1e1cd6c01902f50d749c75b9a78b3a256407b1091,417b6c721c1a49acca9f4d378aa81a10b258f8129f83ea24b1682482adb93781,d5bafed94729ce88779221f1e1cd6c01902f50d749c75b9a78b3a256407b1091,417b6c721c1a49acca9f4d378aa81a10b258f8129f83ea24b1682482adb93781
3.0,8,489,1268814261,2226451898,20,1340015331,9780,9804,9780,9804,0.9975520195838433,0.2218243861022953,27caa1fe6deb6d20ed3401dcf15ed0d7bd074c0ac9d0f23eebd66745250f10a3,3149873d12e4e8547ee1c9e4ccaa0d482731937d9be96ad2fe6def19bc79f63e,27caa1fe6deb6d20ed3401dcf15ed0d7bd074c0ac9d0f23eebd66745250f10a3,3149873d12e4e8547ee1c9e4ccaa0d482731937d9be96ad2fe6def19bc79f63e
3.0,8,489,1268814261,2226451898,50,1480146099,14670,14710,24450,24514,0.9972807613868117,0.22634914386648455,27caa1fe6deb6d20ed3401dcf15ed0d7bd074c0ac9d0f23eebd66745250f10a3,3149873d12e4e8547ee1c9e4ccaa0d482731937d9be96ad2fe6def19bc79f63e,27caa1fe6deb6d20ed3401dcf15ed0d7bd074c0ac9d0f23eebd66745250f10a3,3149873d12e4e8547ee1c9e4ccaa0d482731937d9be96ad2fe6def19bc79f63e
3.0,8,489,1268814261,2226451898,100,3797306071,24450,24522,48900,49036,0.9970638610227551,0.22296711891325913,27caa1fe6deb6d20ed3401dcf15ed0d7bd074c0ac9d0f23eebd66745250f10a3,3149873d12e4e8547ee1c9e4ccaa0d482731937d9be96ad2fe6def19bc79f63e,27caa1fe6deb6d20ed3401dcf15ed0d7bd074c0ac9d0f23eebd66745250f10a3,3149873d12e4e8547ee1c9e4ccaa0d482731937d9be96ad2fe6def19bc79f63e
3.0,8,489,1268814261,2226451898,200,4294430053,48900,49028,97800,98064,0.9973892469609202,0.22030361969115717,27caa1fe6deb6d20ed3401dcf15ed0d7bd074c0ac9d0f23eebd66745250f10a3,3149873d12e4e8547ee1c9e4ccaa0d482731937d9be96ad2fe6def19bc79f63e,27caa1fe6deb6d20ed3401dcf15ed0d7bd074c0ac9d0f23eebd66745250f10a3,3149873d12e4e8547ee1c9e4ccaa0d482731937d9be96ad2fe6def19bc79f63e
3.0,9,488,3648809630,2129790888,20,1916769769,9760,9784,9760,9784,0.9975470155355682,0.2134836452061587,701998d465ed414884f4fc3d67c999cbf0d82a0065d89be4e9f8b6f4f8265804,87923594224bf9b7b610fa1b88931bc5dac549a0631c1ce6a751d31e6a8fb734,701998d465ed414884f4fc3d67c999cbf0d82a0065d89be4e9f8b6f4f8265804,87923594224bf9b7b610fa1b88931bc5dac549a0631c1ce6a751d31e6a8fb734
3.0,9,488,3648809630,2129790888,50,3001120417,14640,14684,24400,24468,0.9970035412694089,0.2229202058172279,701998d465ed414884f4fc3d67c999cbf0d82a0065d89be4e9f8b6f4f8265804,87923594224bf9b7b610fa1b88931bc5dac549a0631c1ce6a751d31e6a8fb734,701998d465ed414884f4fc3d67c999cbf0d82a0065d89be4e9f8b6f4f8265804,87923594224bf9b7b610fa1b88931bc5dac549a0631c1ce6a751d31e6a8fb734
3.0,9,488,3648809630,2129790888,100,3009585977,24400,24468,48800,48936,0.9972208598986432,0.21811702712303846,701998d465ed414884f4fc3d67c999cbf0d82a0065d89be4e9f8b6f4f8265804,87923594224bf9b7b610fa1b88931bc5dac549a0631c1ce6a751d31e6a8fb734,701998d465ed414884f4fc3d67c999cbf0d82a0065d89be4e9f8b6f4f8265804,87923594224bf9b7b610fa1b88931bc5dac549a0631c1ce6a751d31e6a8fb734
3.0,9,488,3648809630,2129790888,200,3325015198,48800,48938,97600,97874,0.9971801054395357,0.21762448149465366,701998d465ed414884f4fc3d67c999cbf0d82a0065d89be4e9f8b6f4f8265804,87923594224bf9b7b610fa1b88931bc5dac549a0631c1ce6a751d31e6a8fb734,701998d465ed414884f4fc3d67c999cbf0d82a0065d89be4e9f8b6f4f8265804,87923594224bf9b7b610fa1b88931bc5dac549a0631c1ce6a751d31e6a8fb734
3.0,10,479,4122449457,1461925212,20,1502033043,9580,9595,9580,9595,0.9984366857738406,0.22350384493649997,d4328268f7395cbb4d68453ecdb599100609bc83d1dce1b1b751594f94571820,08c884bd16d038b2979562c9097f3909a42369154edec5bb99f41142e6aa3430,d4328268f7395cbb4d68453ecdb599100609bc83d1dce1b1b751594f94571820,08c884bd16d038b2979562c9097f3909a42369154edec5bb99f41142e6aa3430
3.0,10,479,4122449457,1461925212,50,2540540642,14370,14398,23950,23993,0.9980552854563134,0.2252657279994635,d4328268f7395cbb4d68453ecdb599100609bc83d1dce1b1b751594f94571820,08c884bd16d038b2979562c9097f3909a42369154edec5bb99f41142e6aa3430,d4328268f7395cbb4d68453ecdb599100609bc83d1dce1b1b751594f94571820,08c884bd16d038b2979562c9097f3909a42369154edec5bb99f41142e6aa3430
3.0,10,479,4122449457,1461925212,100,1804919175,23950,23987,47900,47980,0.9984574978113144,0.22324636805453418,d4328268f7395cbb4d68453ecdb599100609bc83d1dce1b1b751594f94571820,08c884bd16d038b2979562c9097f3909a42369154edec5bb99f41142e6aa3430,d4328268f7395cbb4d68453ecdb599100609bc83d1dce1b1b751594f94571820,08c884bd16d038b2979562c9097f3909a42369154edec5bb99f41142e6aa3430
3.0,10,479,4122449457,1461925212,200,406145067,47900,47975,95800,95955,0.9984366857738406,0.22417563298041684,d4328268f7395cbb4d68453ecdb599100609bc83d1dce1b1b751594f94571820,08c884bd16d038b2979562c9097f3909a42369154edec5bb99f41142e6aa3430,d4328268f7395cbb4d68453ecdb599100609bc83d1dce1b1b751594f94571820,08c884bd16d038b2979562c9097f3909a42369154edec5bb99f41142e6aa3430
3.0,11,466,590294508,3958225910,20,811515439,9320,9338,9320,9338,0.9980723923752409,0.2300058220357876,195c51335e03f7a833cfc566c98587d599b506caa9364c3ceebefd94565ba1c4,5486d40e9659daa35e59bd78b03060fb153804def2c5815ffc5312ea9cba0a11,195c51335e03f7a833cfc566c98587d599b506caa9364c3ceebefd94565ba1c4,5486d40e9659daa35e59bd78b03060fb153804def2c5815ffc5312ea9cba0a11
3.0,11,466,590294508,3958225910,50,865089019,13980,14011,23300,23349,0.9977874527157233,0.23585321386015337,195c51335e03f7a833cfc566c98587d599b506caa9364c3ceebefd94565ba1c4,5486d40e9659daa35e59bd78b03060fb153804def2c5815ffc5312ea9cba0a11,195c51335e03f7a833cfc566c98587d599b506caa9364c3ceebefd94565ba1c4,5486d40e9659daa35e59bd78b03060fb153804def2c5815ffc5312ea9cba0a11
3.0,11,466,590294508,3958225910,100,1203654816,23300,23336,46600,46685,0.9984573191635242,0.2358663548439155,195c51335e03f7a833cfc566c98587d599b506caa9364c3ceebefd94565ba1c4,5486d40e9659daa35e59bd78b03060fb153804def2c5815ffc5312ea9cba0a11,195c51335e03f7a833cfc566c98587d599b506caa9364c3ceebefd94565ba1c4,5486d40e9659daa35e59bd78b03060fb153804def2c5815ffc5312ea9cba0a11
3.0,11,466,590294508,3958225910,200,1569211035,46600,46679,93200,93364,0.9983075901368924,0.22984301043477487,195c51335e03f7a833cfc566c98587d599b506caa9364c3ceebefd94565ba1c4,5486d40e9659daa35e59bd78b03060fb153804def2c5815ffc5312ea9cba0a11,195c51335e03f7a833cfc566c98587d599b506caa9364c3ceebefd94565ba1c4,5486d40e9659daa35e59bd78b03060fb153804def2c5815ffc5312ea9cba0a11
3.0,12,490,383226136,1239347416,20,4077954021,9800,9826,9800,9826,0.9973539588845919,0.23330273561146753,d5afc41c00a459c0eecc659c956a767f4a7cfec8db0289525e25db8f003d0582,6965cdf70ab940ca7ee8168cd578238e4837dab768a5748e9d73a04dcb60f17d,d5afc41c00a459c0eecc659c956a767f4a7cfec8db0289525e25db8f003d0582,6965cdf70ab940ca7ee8168cd578238e4837dab768a5748e9d73a04dcb60f17d
3.0,12,490,383226136,1239347416,50,3187911296,14700,14748,24500,24574,0.9967453213995118,0.23563311973325093,d5afc41c00a459c0eecc659c956a767f4a7cfec8db0289525e25db8f003d0582,6965cdf70ab940ca7ee8168cd578238e4837dab768a5748e9d73a04dcb60f17d,d5afc41c00a459c0eecc659c956a767f4a7cfec8db0289525e25db8f003d0582,6965cdf70ab940ca7ee8168cd578238e4837dab768a5748e9d73a04dcb60f17d
3.0,12,490,383226136,1239347416,100,971315149,24500,24559,49000,49133,0.9975976220530152,0.2315509199114381,d5afc41c00a459c0eecc659c956a767f4a7cfec8db0289525e25db8f003d0582,6965cdf70ab940ca7ee8168cd578238e4837dab768a5748e9d73a04dcb60f17d,d5afc41c00a459c0eecc659c956a767f4a7cfec8db0289525e25db8f003d0582,6965cdf70ab940ca7ee8168cd578238e4837dab768a5748e9d73a04dcb60f17d
3.0,12,490,383226136,1239347416,200,2292955584,49000,49134,98000,98267,0.9972727642772825,0.2252848218693839,d5afc41c00a459c0eecc659c956a767f4a7cfec8db0289525e25db8f003d0582,6965cdf70ab940ca7ee8168cd578238e4837dab768a5748e9d73a04dcb60f17d,d5afc41c00a459c0eecc659c956a767f4a7cfec8db0289525e25db8f003d0582,6965cdf70ab940ca7ee8168cd578238e4837dab768a5748e9d73a04dcb60f17d
3.0,13,511,857267689,113655878,20,424949786,10220,10243,10220,10243,0.997754564092551,0.21796794165854724,b085aaaff602101e28a85121aa1a613c285a6edba178f0bae585cdf465e180b4,3e060d6f69762257ea5905309c947da747c2f43da915f13fa1241e73747fe83b,b085aaaff602101e28a85121aa1a613c285a6edba178f0bae585cdf465e180b4,3e060d6f69762257ea5905309c947da747c2f43da915f13fa1241e73747fe83b
3.0,13,511,857267689,113655878,50,2887615937,15330,15374,25550,25617,0.9971380252374138,0.22151575653416686,b085aaaff602101e28a85121aa1a613c285a6edba178f0bae585cdf465e180b4,3e060d6f69762257ea5905309c947da747c2f43da915f13fa1241e73747fe83b,b085aaaff602101e28a85121aa1a613c285a6edba178f0bae585cdf465e180b4,3e060d6f69762257ea5905309c947da747c2f43da915f13fa1241e73747fe83b
3.0,13,511,857267689,113655878,100,1161105062,25550,25631,51100,51248,0.99683976434786,0.22085020261651367,b085aaaff602101e28a85121aa1a613c285a6edba178f0bae585cdf465e180b4,3e060d6f69762257ea5905309c947da747c2f43da915f13fa1241e73747fe83b,b085aaaff602101e28a85121aa1a613c285a6edba178f0bae585cdf465e180b4,3e060d6f69762257ea5905309c947da747c2f43da915f13fa1241e73747fe83b
3.0,13,511,857267689,113655878,200,4279745706,51100,51263,102200,102511,0.996820318748415,0.2172555930222151,b085aaaff602101e28a85121aa1a613c285a6edba178f0bae585cdf465e180b4,3e060d6f69762257ea5905309c947da747c2f43da915f13fa1241e73747fe83b,b085aaaff602101e28a85121aa1a613c285a6edba178f0bae585cdf465e180b4,3e060d6f69762257ea5905309c947da747c2f43da915f13fa1241e73747fe83b
3.0,14,474,1329852424,2765887872,20,2033977957,9480,9510,9480,9510,0.9968454258675079,0.2365862236807457,3d436bd5e78727e24a3bcc44ebd49a15bcc2376abff519270523115f4e00e631,f2a945c2fa4f427a58e103c4eb3960cd3121012ef001b8e8a58ee4086bfa3ee8,3d436bd5e78727e24a3bcc44ebd49a15bcc2376abff519270523115f4e00e631,f2a945c2fa4f427a58e103c4eb3960cd3121012ef001b8e8a58ee4086bfa3ee8
3.0,14,474,1329852424,2765887872,50,3477498885,14220,14265,23700,23775,0.9968454258675079,0.2285648445171848,3d436bd5e78727e24a3bcc44ebd49a15bcc2376abff519270523115f4e00e631,f2a945c2fa4f427a58e103c4eb3960cd3121012ef001b8e8a58ee4086bfa3ee8,3d436bd5e78727e24a3bcc44ebd49a15bcc2376abff519270523115f4e00e631,f2a945c2fa4f427a58e103c4eb3960cd3121012ef001b8e8a58ee4086bfa3ee8
3.0,14,474,1329852424,2765887872,100,3608967624,23700,23766,47400,47541,0.9972229235041656,0.24158616738232339,3d436bd5e78727e24a3bcc44ebd49a15bcc2376abff519270523115f4e00e631,f2a945c2fa4f427a58e103c4eb3960cd3121012ef001b8e8a58ee4086bfa3ee8,3d436bd5e78727e24a3bcc44ebd49a15bcc2376abff519270523115f4e00e631,f2a945c2fa4f427a58e103c4eb3960cd3121012ef001b8e8a58ee4086bfa3ee8
3.0,14,474,1329852424,2765887872,200,749212788,47400,47552,94800,95093,0.9968034993270525,0.23747032068004428,3d436bd5e78727e24a3bcc44ebd49a15bcc2376abff519270523115f4e00e631,f2a945c2fa4f427a58e103c4eb3960cd3121012ef001b8e8a58ee4086bfa3ee8,3d436bd5e78727e24a3bcc44ebd49a15bcc2376abff519270523115f4e00e631,f2a945c2fa4f427a58e103c4eb3960cd3121012ef001b8e8a58ee4086bfa3ee8
3.0,15,493,2088320296,3185915404,20,3125813494,9860,9887,9860,9887,0.9972691412966521,0.2263376849222764,2087fb92af7d465bce2d0906b76639e8d650adde1be543df2833d86fec69fcc7,11fb2ea90520a4324d255f0ae9a5a2ea96c005e08422f74627b55eca1b16450a,2087fb92af7d465bce2d0906b76639e8d650adde1be543df2833d86fec69fcc7,11fb2ea90520a4324d255f0ae9a5a2ea96c005e08422f74627b55eca1b16450a
3.0,15,493,2088320296,3185915404,50,3703404973,14790,14823,24650,24710,0.9977737300141671,0.22898820456869676,2087fb92af7d465bce2d0906b76639e8d650adde1be543df2833d86fec69fcc7,11fb2ea90520a4324d255f0ae9a5a2ea96c005e08422f74627b55eca1b16450a,2087fb92af7d465bce2d0906b76639e8d650adde1be543df2833d86fec69fcc7,11fb2ea90520a4324d255f0ae9a5a2ea96c005e08422f74627b55eca1b16450a
3.0,15,493,2088320296,3185915404,100,573548426,24650,24693,49300,49403,0.9982586158020491,0.2227502677675982,2087fb92af7d465bce2d0906b76639e8d650adde1be543df2833d86fec69fcc7,11fb2ea90520a4324d255f0ae9a5a2ea96c005e08422f74627b55eca1b16450a,2087fb92af7d465bce2d0906b76639e8d650adde1be543df2833d86fec69fcc7,11fb2ea90520a4324d255f0ae9a5a2ea96c005e08422f74627b55eca1b16450a
3.0,15,493,2088320296,3185915404,200,1241862765,49300,49419,98600,98822,0.9975920192638459,0.22720997244338734,2087fb92af7d465bce2d0906b76639e8d650adde1be543df2833d86fec69fcc7,11fb2ea90520a4324d255f0ae9a5a2ea96c005e08422f74627b55eca1b16450a,2087fb92af7d465bce2d0906b76639e8d650adde1be543df2833d86fec69fcc7,11fb2ea90520a4324d255f0ae9a5a2ea96c005e08422f74627b55eca1b16450a
3.0,16,456,1445469071,1676975923,20,2412224455,9120,9139,9120,9139,0.997920997920998,0.22912891060716092,565d797246076438b155541705cbe08fdec7adf24c4cdcc752d5d4647f3edab1,5ee34f6a5b579f0453e7095a04b237064337c5d2ded3c0ccf69787fab09ca065,565d797246076438b155541705cbe08fdec7adf24c4cdcc752d5d4647f3edab1,5ee34f6a5b579f0453e7095a04b237064337c5d2ded3c0ccf69787fab09ca065
3.0,16,456,1445469071,1676975923,50,3818472931,13680,13711,22800,22850,0.9977390416453942,0.23110841049541686,565d797246076438b155541705cbe08fdec7adf24c4cdcc752d5d4647f3edab1,5ee34f6a5b579f0453e7095a04b237064337c5d2ded3c0ccf69787fab09ca065,565d797246076438b155541705cbe08fdec7adf24c4cdcc752d5d4647f3edab1,5ee34f6a5b579f0453e7095a04b237064337c5d2ded3c0ccf69787fab09ca065
3.0,16,456,1445469071,1676975923,100,223344392,22800,22851,45600,45701,0.9977681501903637,0.2297174755913703,565d797246076438b155541705cbe08fdec7adf24c4cdcc752d5d4647f3edab1,5ee34f6a5b579f0453e7095a04b237064337c5d2ded3c0ccf69787fab09ca065,565d797246076438b155541705cbe08fdec7adf24c4cdcc752d5d4647f3edab1,5ee34f6a5b579f0453e7095a04b237064337c5d2ded3c0ccf69787fab09ca065
3.0,16,456,1445469071,1676975923,200,3524070351,45600,45707,91200,91408,0.9976590019034284,0.23226730848964497,565d797246076438b155541705cbe08fdec7adf24c4cdcc752d5d4647f3edab1,5ee34f6a5b579f0453e7095a04b237064337c5d2ded3c0ccf69787fab09ca065,565d797246076438b155541705cbe08fdec7adf24c4cdcc752d5d4647f3edab1,5ee34f6a5b579f0453e7095a04b237064337c5d2ded3c0ccf69787fab09ca065
3.0,17,478,3691385688,1154050903,20,440601324,9560,9584,9560,9584,0.9974958263772955,0.2356547533913196,c6f1fdb71f05210783df5f33c65fdcd3ba7ba00a63df333fc9a1f71fb445312f,57a744efe85d59b691c50a1ad2df65d737503cf7856f9c9375dbd805e0be8523,c6f1fdb71f05210783df5f33c65fdcd3ba7ba00a63df333fc9a1f71fb445312f,57a744efe85d59b691c50a1ad2df65d737503cf7856f9c9375dbd805e0be8523
3.0,17,478,3691385688,1154050903,50,2626525676,14340,14385,23900,23969,0.9968717413972888,0.22961823054980143,c6f1fdb71f05210783df5f33c65fdcd3ba7ba00a63df333fc9a1f71fb445312f,57a744efe85d59b691c50a1ad2df65d737503cf7856f9c9375dbd805e0be8523,c6f1fdb71f05210783df5f33c65fdcd3ba7ba00a63df333fc9a1f71fb445312f,57a744efe85d59b691c50a1ad2df65d737503cf7856f9c9375dbd805e0be8523
3.0,17,478,3691385688,1154050903,100,3021792182,23900,23970,47800,47939,0.9970796829370046,0.23599067303186033,c6f1fdb71f05210783df5f33c65fdcd3ba7ba00a63df333fc9a1f71fb445312f,57a744efe85d59b691c50a1ad2df65d737503cf7856f9c9375dbd805e0be8523,c6f1fdb71f05210783df5f33c65fdcd3ba7ba00a63df333fc9a1f71fb445312f,57a744efe85d59b691c50a1ad2df65d737503cf7856f9c9375dbd805e0be8523
3.0,17,478,3691385688,1154050903,200,3426761798,47800,47961,95600,95900,0.996643105856842,0.23271258982291884,c6f1fdb71f05210783df5f33c65fdcd3ba7ba00a63df333fc9a1f71fb445312f,57a744efe85d59b691c50a1ad2df65d737503cf7856f9c9375dbd805e0be8523,c6f1fdb71f05210783df5f33c65fdcd3ba7ba00a63df333fc9a1f71fb445312f,57a744efe85d59b691c50a1ad2df65d737503cf7856f9c9375dbd805e0be8523
3.0,18,507,66818159,560833161,20,3474718378,10140,10162,10140,10162,0.9978350718362528,0.21600076105509564,bc36fecbd88cb127d74fca82f0dc5fa0bf42747c897162f4dfbd6a9e52b1bf6e,bc81fb760b0d58b699ff56e9d07cf8082ea504446a1aa2f4eb841fbbb7f0c1c4,bc36fecbd88cb127d74fca82f0dc5fa0bf42747c897162f4dfbd6a9e52b1bf6e,bc81fb760b0d58b699ff56e9d07cf8082ea504446a1aa2f4eb841fbbb7f0c1c4
3.0,18,507,66818159,560833161,50,1604098839,15210,15242,25350,25404,0.9979005379871408,0.21758340462766143,bc36fecbd88cb127d74fca82f0dc5fa0bf42747c897162f4dfbd6a9e52b1bf6e,bc81fb760b0d58b699ff56e9d07cf8082ea504446a1aa2f4eb841fbbb7f0c1c4,bc36fecbd88cb127d74fca82f0dc5fa0bf42747c897162f4dfbd6a9e52b1bf6e,bc81fb760b0d58b699ff56e9d07cf8082ea504446a1aa2f4eb841fbbb7f0c1c4
3.0,18,507,66818159,560833161,100,3671065508,25350,25400,50700,50804,0.9980314960629921,0.2144384227948305,bc36fecbd88cb127d74fca82f0dc5fa0bf42747c897162f4dfbd6a9e52b1bf6e,bc81fb760b0d58b699ff56e9d07cf8082ea504446a1aa2f4eb841fbbb7f0c1c4,bc36fecbd88cb127d74fca82f0dc5fa0bf42747c897162f4dfbd6a9e52b1bf6e,bc81fb760b0d58b699ff56e9d07cf8082ea504446a1aa2f4eb841fbbb7f0c1c4
3.0,18,507,66818159,560833161,200,1139269252,50700,50808,101400,101612,0.9978743504959848,0.2085508461261543,bc36fecbd88cb127d74fca82f0dc5fa0bf42747c897162f4dfbd6a9e52b1bf6e,bc81fb760b0d58b699ff56e9d07cf8082ea504446a1aa2f4eb841fbbb7f0c1c4,bc36fecbd88cb127d74fca82f0dc5fa0bf42747c897162f4dfbd6a9e52b1bf6e,bc81fb760b0d58b699ff56e9d07cf8082ea504446a1aa2f4eb841fbbb7f0c1c4
3.0,19,505,2987651459,2164299336,20,2735112692,10100,10130,10100,10130,0.9970384995064165,0.214833132847702,0ee63a778ae76cdd044ae2d4c77db4306c819bdeef2e82bb5e344b53e3098d5f,da91e137a4d971fa3918c49e437b785fba366c0a233ca729ce0a0d36c9a0b3f9,0ee63a778ae76cdd044ae2d4c77db4306c819bdeef2e82bb5e344b53e3098d5f,da91e137a4d971fa3918c49e437b785fba366c0a233ca729ce0a0d36c9a0b3f9
3.0,19,505,2987651459,2164299336,50,1100134282,15150,15182,25250,25312,0.9978922408114873,0.22730447957646607,0ee63a778ae76cdd044ae2d4c77db4306c819bdeef2e82bb5e344b53e3098d5f,da91e137a4d971fa3918c49e437b785fba366c0a233ca729ce0a0d36c9a0b3f9,0ee63a778ae76cdd044ae2d4c77db4306c819bdeef2e82bb5e344b53e3098d5f,da91e137a4d971fa3918c49e437b785fba366c0a233ca729ce0a0d36c9a0b3f9
3.0,19,505,2987651459,2164299336,100,2302273798,25250,25315,50500,50627,0.9974323523602607,0.21958988535435583,0ee63a778ae76cdd044ae2d4c77db4306c819bdeef2e82bb5e344b53e3098d5f,da91e137a4d971fa3918c49e437b785fba366c0a233ca729ce0a0d36c9a0b3f9,0ee63a778ae76cdd044ae2d4c77db4306c819bdeef2e82bb5e344b53e3098d5f,da91e137a4d971fa3918c49e437b785fba366c0a233ca729ce0a0d36c9a0b3f9
3.0,19,505,2987651459,2164299336,200,1548821633,50500,50650,101000,101277,0.9970384995064165,0.2214914195706923,0ee63a778ae76cdd044ae2d4c77db4306c819bdeef2e82bb5e344b53e3098d5f,da91e137a4d971fa3918c49e437b785fba366c0a233ca729ce0a0d36c9a0b3f9,0ee63a778ae76cdd044ae2d4c77db4306c819bdeef2e82bb5e344b53e3098d5f,da91e137a4d971fa3918c49e437b785fba366c0a233ca729ce0a0d36c9a0b3f9
3.0,20,480,817486929,968319847,20,3765636212,9600,9628,9600,9628,0.9970918155380141,0.2177553238345819,29e30f28c8efe65a722b023b749d614a014754d10b87a92eb8914d24bb16dc0f,4b35c7a39c0e86b69550bcbe7ad432648444eb0cd7cda35a2513cd5963f7e205,29e30f28c8efe65a722b023b749d614a014754d10b87a92eb8914d24bb16dc0f,4b35c7a39c0e86b69550bcbe7ad432648444eb0cd7cda35a2513cd5963f7e205
3.0,20,480,817486929,968319847,50,1477965227,14400,14422,24000,24050,0.9984745527666066,0.21870575050321586,29e30f28c8efe65a722b023b749d614a014754d10b87a92eb8914d24bb16dc0f,4b35c7a39c0e86b69550bcbe7ad432648444eb0cd7cda35a2513cd5963f7e205,29e30f28c8efe65a722b023b749d614a014754d10b87a92eb8914d24bb16dc0f,4b35c7a39c0e86b69550bcbe7ad432648444eb0cd7cda35a2513cd5963f7e205
3.0,20,480,817486929,968319847,100,3277678055,24000,24045,48000,48095,0.9981285090455396,0.21781689409322935,29e30f28c8efe65a722b023b749d614a014754d10b87a92eb8914d24bb16dc0f,4b35c7a39c0e86b69550bcbe7ad432648444eb0cd7cda35a2513cd5963f7e205,29e30f28c8efe65a722b023b749d614a014754d10b87a92eb8914d24bb16dc0f,4b35c7a39c0e86b69550bcbe7ad432648444eb0cd7cda35a2513cd5963f7e205
3.0,20,480,817486929,968319847,200,2079797898,48000,48110,96000,96205,0.9977135730617335,0.21554107032768394,29e30f28c8efe65a722b023b749d614a014754d10b87a92eb8914d24bb16dc0f,4b35c7a39c0e86b69550bcbe7ad432648444eb0cd7cda35a2513cd5963f7e205,29e30f28c8efe65a722b023b749d614a014754d10b87a92eb8914d24bb16dc0f,4b35c7a39c0e86b69550bcbe7ad432648444eb0cd7cda35a2513cd5963f7e205
3.0,21,478,2676141432,208289729,20,830064896,9560,9572,9560,9572,0.9987463435018805,0.2259145975883835,915c4d38567dd236d68f32a50134f6d54005bf06139823ea4ca3834761581aec,26131495b714bb6bcd7257adb2e365a01da0f733c5d2a6e00419703327d6f1c6,915c4d38567dd236d68f32a50134f6d54005bf06139823ea4ca3834761581aec,26131495b714bb6bcd7257adb2e365a01da0f733c5d2a6e00419703327d6f1c6
3.0,21,478,2676141432,208289729,50,1566621251,14340,14367,23900,23939,0.9981206932553769,0.22614937392897702,915c4d38567dd236d68f32a50134f6d54005bf06139823ea4ca3834761581aec,26131495b714bb6bcd7257adb2e365a01da0f733c5d2a6e00419703327d6f1c6,915c4d38567dd236d68f32a50134f6d54005bf06139823ea4ca3834761581aec,26131495b714bb6bcd7257adb2e365a01da0f733c5d2a6e00419703327d6f1c6
3.0,21,478,2676141432,208289729,100,2603390922,23900,23948,47800,47887,0.997995657257391,0.21875633676925038,915c4d38567dd236d68f32a50134f6d54005bf06139823ea4ca3834761581aec,26131495b714bb6bcd7257adb2e365a01da0f733c5d2a6e00419703327d6f1c6,915c4d38567dd236d68f32a50134f6d54005bf06139823ea4ca3834761581aec,26131495b714bb6bcd7257adb2e365a01da0f733c5d2a6e00419703327d6f1c6
3.0,21,478,2676141432,208289729,200,1134432965,47800,47915,95600,95802,0.9975999165188354,0.22468366693112196,915c4d38567dd236d68f32a50134f6d54005bf06139823ea4ca3834761581aec,26131495b714bb6bcd7257adb2e365a01da0f733c5d2a6e00419703327d6f1c6,915c4d38567dd236d68f32a50134f6d54005bf06139823ea4ca3834761581aec,26131495b714bb6bcd7257adb2e365a01da0f733c5d2a6e00419703327d6f1c6
3.0,22,479,3132734797,1734352589,20,4244126358,9580,9608,9580,9608,0.9970857618651124,0.21552930306045875,4fae158766b24bec27a40c895882ec16de4fb78812a25142613f18700cd1de09,41535104f20198b1414d16fa99282add3d7c1c135beade0377d6723839d2fde7,4fae158766b24bec27a40c895882ec16de4fb78812a25142613f18700cd1de09,41535104f20198b1414d16fa99282add3d7c1c135beade0377d6723839d2fde7
3.0,22,479,3132734797,1734352589,50,225470944,14370,14401,23950,24009,0.9978473717102979,0.22040158822791592,4fae158766b24bec27a40c895882ec16de4fb78812a25142613f18700cd1de09,41535104f20198b1414d16fa99282add3d7c1c135beade0377d6723839d2fde7,4fae158766b24bec27a40c895882ec16de4fb78812a25142613f18700cd1de09,41535104f20198b1414d16fa99282add3d7c1c135beade0377d6723839d2fde7
3.0,22,479,3132734797,1734352589,100,1966841862,23950,24018,47900,48027,0.9971687900741111,0.21476936123474866,4fae158766b24bec27a40c895882ec16de4fb78812a25142613f18700cd1de09,41535104f20198b1414d16fa99282add3d7c1c135beade0377d6723839d2fde7,4fae158766b24bec27a40c895882ec16de4fb78812a25142613f18700cd1de09,41535104f20198b1414d16fa99282add3d7c1c135beade0377d6723839d2fde7
3.0,22,479,3132734797,1734352589,200,3392015606,47900,48000,95800,96027,0.9979166666666667,0.22106449174702264,4fae158766b24bec27a40c895882ec16de4fb78812a25142613f18700cd1de09,41535104f20198b1414d16fa99282add3d7c1c135beade0377d6723839d2fde7,4fae158766b24bec27a40c895882ec16de4fb78812a25142613f18700cd1de09,41535104f20198b1414d16fa99282add3d7c1c135beade0377d6723839d2fde7
3.0,23,474,3695532870,3614375790,20,1586948283,9480,9503,9480,9503,0.9975797116699989,0.22588644650873418,3471eee6259f9a5a32095bde9b566fe2350f2d8c7124349b8de37d5aa5101e4d,a132ea8cce27e56ccf4c72a3b8630c8086f450937e32b75ecd49a9e5edff401e,3471eee6259f9a5a32095bde9b566fe2350f2d8c7124349b8de37d5aa5101e4d,a132ea8cce27e56ccf4c72a3b8630c8086f450937e32b75ecd49a9e5edff401e
3.0,23,474,3695532870,3614375790,50,1677256695,14220,14251,23700,23754,0.997824714055154,0.2302525559183624,3471eee6259f9a5a32095bde9b566fe2350f2d8c7124349b8de37d5aa5101e4d,a132ea8cce27e56ccf4c72a3b8630c8086f450937e32b75ecd49a9e5edff401e,3471eee6259f9a5a32095bde9b566fe2350f2d8c7124349b8de37d5aa5101e4d,a132ea8cce27e56ccf4c72a3b8630c8086f450937e32b75ecd49a9e5edff401e
3.0,23,474,3695532870,3614375790,100,3090284682,23700,23770,47400,47524,0.9970551114850652,0.22700141330676407,3471eee6259f9a5a32095bde9b566fe2350f2d8c7124349b8de37d5aa5101e4d,a132ea8cce27e56ccf4c72a3b8630c8086f450937e32b75ecd49a9e5edff401e,3471eee6259f9a5a32095bde9b566fe2350f2d8c7124349b8de37d5aa5101e4d,a132ea8cce27e56ccf4c72a3b8630c8086f450937e32b75ecd49a9e5edff401e
3.0,23,474,3695532870,3614375790,200,654079195,47400,47512,94800,95036,0.9976427007913791,0.22608575153709698,3471eee6259f9a5a32095bde9b566fe2350f2d8c7124349b8de37d5aa5101e4d,a132ea8cce27e56ccf4c72a3b8630c8086f450937e32b75ecd49a9e5edff401e,3471eee6259f9a5a32095bde9b566fe2350f2d8c7124349b8de37d5aa5101e4d,a132ea8cce27e56ccf4c72a3b8630c8086f450937e32b75ecd49a9e5edff401e
3.0,24,477,1261491752,656974945,20,3138223968,9540,9560,9540,9560,0.997907949790795,0.23182691991666388,8a4f14ce29b04e9352d23568bed7280436b63551e3c24008a6b18a671f298923,6cf5ebffcf3dfd25e3f0386978b7d0a4f554a45084daa8b76414ce27f85063a1,8a4f14ce29b04e9352d23568bed7280436b63551e3c24008a6b18a671f298923,6cf5ebffcf3dfd25e3f0386978b7d0a4f554a45084daa8b76414ce27f85063a1
3.0,24,477,1261491752,656974945,50,1913202234,14310,14359,23850,23919,0.9965875060937391,0.23383826890759812,8a4f14ce29b04e9352d23568bed7280436b63551e3c24008a6b18a671f298923,6cf5ebffcf3dfd25e3f0386978b7d0a4f554a45084daa8b76414ce27f85063a1,8a4f14ce29b04e9352d23568bed7280436b63551e3c24008a6b18a671f298923,6cf5ebffcf3dfd25e3f0386978b7d0a4f554a45084daa8b76414ce27f85063a1
3.0,24,477,1261491752,656974945,100,969617733,23850,23923,47700,47842,0.9969485432429043,0.22834688235995682,8a4f14ce29b04e9352d23568bed7280436b63551e3c24008a6b18a671f298923,6cf5ebffcf3dfd25e3f0386978b7d0a4f554a45084daa8b76414ce27f85063a1,8a4f14ce29b04e9352d23568bed7280436b63551e3c24008a6b18a671f298923,6cf5ebffcf3dfd25e3f0386978b7d0a4f554a45084daa8b76414ce27f85063a1
3.0,24,477,1261491752,656974945,200,2330844063,47700,47841,95400,95683,0.9970527371919483,0.22023819971800757,8a4f14ce29b04e9352d23568bed7280436b63551e3c24008a6b18a671f298923,6cf5ebffcf3dfd25e3f0386978b7d0a4f554a45084daa8b76414ce27f85063a1,8a4f14ce29b04e9352d23568bed7280436b63551e3c24008a6b18a671f298923,6cf5ebffcf3dfd25e3f0386978b7d0a4f554a45084daa8b76414ce27f85063a1
3.0,25,499,429951282,2888883745,20,2625059605,9980,10006,9980,10006,0.9974015590645613,0.2133977678589524,7d3a263c616fa22080cdc64959afb9bb90f60dfb719edfe0b97e67cbfcf4c5c7,ecabecd85d49c04b3bf88365e1c46cec975cba3002b52d42d2c92273c3fa50a3,7d3a263c616fa22080cdc64959afb9bb90f60dfb719edfe0b97e67cbfcf4c5c7,ecabecd85d49c04b3bf88365e1c46cec975cba3002b52d42d2c92273c3fa50a3
3.0,25,499,429951282,2888883745,50,1744559279,14970,15017,24950,25023,0.9968702137577412,0.21499476369394746,7d3a263c616fa22080cdc64959afb9bb90f60dfb719edfe0b97e67cbfcf4c5c7,ecabecd85d49c04b3bf88365e1c46cec975cba3002b52d42d2c92273c3fa50a3,7d3a263c616fa22080cdc64959afb9bb90f60dfb719edfe0b97e67cbfcf4c5c7,ecabecd85d49c04b3bf88365e1c46cec975cba3002b52d42d2c92273c3fa50a3
3.0,25,499,429951282,2888883745,100,748589799,24950,25030,49900,50053,0.9968038353975229,0.21184959215230628,7d3a263c616fa22080cdc64959afb9bb90f60dfb719edfe0b97e67cbfcf4c5c7,ecabecd85d49c04b3bf88365e1c46cec975cba3002b52d42d2c92273c3fa50a3,7d3a263c616fa22080cdc64959afb9bb90f60dfb719edfe0b97e67cbfcf4c5c7,ecabecd85d49c04b3bf88365e1c46cec975cba3002b52d42d2c92273c3fa50a3
3.0,25,499,429951282,2888883745,200,2732805512,49900,50060,99800,100113,0.9968038353975229,0.2189833238559195,7d3a263c616fa22080cdc64959afb9bb90f60dfb719edfe0b97e67cbfcf4c5c7,ecabecd85d49c04b3bf88365e1c46cec975cba3002b52d42d2c92273c3fa50a3,7d3a263c616fa22080cdc64959afb9bb90f60dfb719edfe0b97e67cbfcf4c5c7,ecabecd85d49c04b3bf88365e1c46cec975cba3002b52d42d2c92273c3fa50a3
3.0,26,503,1106945256,4163352093,20,3495741626,10060,10088,10060,10088,0.9972244250594766,0.22209379915647673,f1cc5fea17976b7f17de81af8b8d4ca6383d046534b42a796a571904fb86f32d,a57bd3318ea01d45eaeba5e02a42605c28dfd08b4277113d084ff0b31c289693,f1cc5fea17976b7f17de81af8b8d4ca6383d046534b42a796a571904fb86f32d,a57bd3318ea01d45eaeba5e02a42605c28dfd08b4277113d084ff0b31c289693
3.0,26,503,1106945256,4163352093,50,2839110178,15090,15134,25150,25222,0.9970926390907889,0.22268476112676192,f1cc5fea17976b7f17de81af8b8d4ca6383d046534b42a796a571904fb86f32d,a57bd3318ea01d45eaeba5e02a42605c28dfd08b4277113d084ff0b31c289693,f1cc5fea17976b7f17de81af8b8d4ca6383d046534b42a796a571904fb86f32d,a57bd3318ea01d45eaeba5e02a42605c28dfd08b4277113d084ff0b31c289693
3.0,26,503,1106945256,4163352093,100,61379555,25150,25209,50300,50431,0.9976595660280059,0.22595399991830423,f1cc5fea17976b7f17de81af8b8d4ca6383d046534b42a796a571904fb86f32d,a57bd3318ea01d45eaeba5e02a42605c28dfd08b4277113d084ff0b31c289693,f1cc5fea17976b7f17de81af8b8d4ca6383d046534b42a796a571904fb86f32d,a57bd3318ea01d45eaeba5e02a42605c28dfd08b4277113d084ff0b31c289693
3.0,26,503,1106945256,4163352093,200,1324597243,50300,50436,100600,100867,0.9973035133634706,0.22457569985932446,f1cc5fea17976b7f17de81af8b8d4ca6383d046534b42a796a571904fb86f32d,a57bd3318ea01d45eaeba5e02a42605c28dfd08b4277113d084ff0b31c289693,f1cc5fea17976b7f17de81af8b8d4ca6383d046534b42a796a571904fb86f32d,a57bd3318ea01d45eaeba5e02a42605c28dfd08b4277113d084ff0b31c289693
3.0,27,500,1742805860,1173769683,20,1529471998,10000,10029,10000,10029,0.9971083856815236,0.216975554927868,622268f994ad3a84e5a14975ab36781db634a4b1768fbf2cd3331d9ded70e485,411a71ed212be6f8e89abc7a7b7fd915e11e974a50293c21e3211858a40f2177,622268f994ad3a84e5a14975ab36781db634a4b1768fbf2cd3331d9ded70e485,411a71ed212be6f8e89abc7a7b7fd915e11e974a50293c21e3211858a40f2177
3.0,27,500,1742805860,1173769683,50,4291978555,15000,15038,25000,25067,0.9974730682271579,0.21903839035899259,622268f994ad3a84e5a14975ab36781db634a4b1768fbf2cd3331d9ded70e485,411a71ed212be6f8e89abc7a7b7fd915e11e974a50293c21e3211858a40f2177,622268f994ad3a84e5a14975ab36781db634a4b1768fbf2cd3331d9ded70e485,411a71ed212be6f8e89abc7a7b7fd915e11e974a50293c21e3211858a40f2177
3.0,27,500,1742805860,1173769683,100,2818228990,25000,25062,50000,50129,0.9975261351847419,0.21933732980670181,622268f994ad3a84e5a14975ab36781db634a4b1768fbf2cd3331d9ded70e485,411a71ed212be6f8e89abc7a7b7fd915e11e974a50293c21e3211858a40f2177,622268f994ad3a84e5a14975ab36781db634a4b1768fbf2cd3331d9ded70e485,411a71ed212be6f8e89abc7a7b7fd915e11e974a50293c21e3211858a40f2177
3.0,27,500,1742805860,1173769683,200,2582234920,50000,50123,100000,100252,0.997546036749596,0.2150407893795843,622268f994ad3a84e5a14975ab36781db634a4b1768fbf2cd3331d9ded70e485,411a71ed212be6f8e89abc7a7b7fd915e11e974a50293c21e3211858a40f2177,622268f994ad3a84e5a14975ab36781db634a4b1768fbf2cd3331d9ded70e485,411a71ed212be6f8e89abc7a7b7fd915e11e974a50293c21e3211858a40f2177
3.0,28,484,4115229850,1091337847,20,3186239597,9680,9699,9680,9699,0.9980410351582637,0.22867494620807974,3ae2de7c8e366049ffdf7068dd4fffe3c7d33138c0e9a85ccdc088a36e90962d,30ac81e4935d0e20326f1291dee4fa4f571776c132cc21826c533d3f38661988,3ae2de7c8e366049ffdf7068dd4fffe3c7d33138c0e9a85ccdc088a36e90962d,30ac81e4935d0e20326f1291dee4fa4f571776c132cc21826c533d3f38661988
3.0,28,484,4115229850,1091337847,50,599370220,14520,14549,24200,24248,0.9980067358581346,0.22350123934989455,3ae2de7c8e366049ffdf7068dd4fffe3c7d33138c0e9a85ccdc088a36e90962d,30ac81e4935d0e20326f1291dee4fa4f571776c132cc21826c533d3f38661988,3ae2de7c8e366049ffdf7068dd4fffe3c7d33138c0e9a85ccdc088a36e90962d,30ac81e4935d0e20326f1291dee4fa4f571776c132cc21826c533d3f38661988
3.0,28,484,4115229850,1091337847,100,3031971816,24200,24271,48400,48519,0.9970746981994973,0.22431832838723945,3ae2de7c8e366049ffdf7068dd4fffe3c7d33138c0e9a85ccdc088a36e90962d,30ac81e4935d0e20326f1291dee4fa4f571776c132cc21826c533d3f38661988,3ae2de7c8e366049ffdf7068dd4fffe3c7d33138c0e9a85ccdc088a36e90962d,30ac81e4935d0e20326f1291dee4fa4f571776c132cc21826c533d3f38661988
3.0,28,484,4115229850,1091337847,200,4080760246,48400,48522,96800,97041,0.9974856766003051,0.22474156312130114,3ae2de7c8e366049ffdf7068dd4fffe3c7d33138c0e9a85ccdc088a36e90962d,30ac81e4935d0e20326f1291dee4fa4f571776c132cc21826c533d3f38661988,3ae2de7c8e366049ffdf7068dd4fffe3c7d33138c0e9a85ccdc088a36e90962d,30ac81e4935d0e20326f1291dee4fa4f571776c132cc21826c533d3f38661988
3.0,29,486,3081395991,2984037361,20,3456017957,9720,9748,9720,9748,0.9971276159212146,0.22067813146955842,de7cf577a68baa3155d6a7becddbf8b4d7540c47cec2d188d9a0310f56fe91a4,2f44cade56050c4be6d47658c5056a8131d7caf8d3574ff74954c39b1061c5fb,de7cf577a68baa3155d6a7becddbf8b4d7540c47cec2d188d9a0310f56fe91a4,2f44cade56050c4be6d47658c5056a8131d7caf8d3574ff74954c39b1061c5fb
3.0,29,486,3081395991,2984037361,50,2363779210,14580,14623,24300,24371,0.9970594269301785,0.21943767725143526,de7cf577a68baa3155d6a7becddbf8b4d7540c47cec2d188d9a0310f56fe91a4,2f44cade56050c4be6d47658c5056a8131d7caf8d3574ff74954c39b1061c5fb,de7cf577a68baa3155d6a7becddbf8b4d7540c47cec2d188d9a0310f56fe91a4,2f44cade56050c4be6d47658c5056a8131d7caf8d3574ff74954c39b1061c5fb
3.0,29,486,3081395991,2984037361,100,1635035540,24300,24368,48600,48739,0.997209455022981,0.22658999514834458,de7cf577a68baa3155d6a7becddbf8b4d7540c47cec2d188d9a0310f56fe91a4,2f44cade56050c4be6d47658c5056a8131d7caf8d3574ff74954c39b1061c5fb,de7cf577a68baa3155d6a7becddbf8b4d7540c47cec2d188d9a0310f56fe91a4,2f44cade56050c4be6d47658c5056a8131d7caf8d3574ff74954c39b1061c5fb
3.0,29,486,3081395991,2984037361,200,3662126554,48600,48751,97200,97490,0.9969026276384074,0.2212301284249231,de7cf577a68baa3155d6a7becddbf8b4d7540c47cec2d188d9a0310f56fe91a4,2f44cade56050c4be6d47658c5056a8131d7caf8d3574ff74954c39b1061c5fb,de7cf577a68baa3155d6a7becddbf8b4d7540c47cec2d188d9a0310f56fe91a4,2f44cade56050c4be6d47658c5056a8131d7caf8d3574ff74954c39b1061c5fb
