panel,group,rho,trial,apl_lcc,lcc_fraction,connected,mean_hypergraph_vertex_degree
gamma,1.5,1.5,0,8.334582852748943,0.9633333333333334,0,3.5233333333333334
gamma,1.5,2.0,0,7.203263055612049,0.9933333333333333,0,4.43
gamma,1.5,2.5,0,6.595744203272654,0.9966666666666667,0,5.316666666666666
gamma,1.5,3.0,0,6.39718524836704,0.9966666666666667,0,6.16
gamma,1.5,3.5,0,6.126555183946488,1.0,1,6.966666666666667
gamma,1.5,4.0,0,6.060847268673355,1.0,1,7.626666666666667
gamma,1.5,4.5,0,5.94891861761427,1.0,1,8.19
gamma,1.5,5.0,0,5.862564102564103,1.0,1,8.766666666666667
gamma,1.5,1.5,1,11.4808289553885,0.8766666666666667,0,3.3833333333333333
gamma,1.5,2.0,1,7.939642510112309,0.9933333333333333,0,4.33
gamma,1.5,2.5,1,7.258327759197324,1.0,1,5.12
gamma,1.5,3.0,1,6.687290969899665,1.0,1,6.006666666666667
gamma,1.5,3.5,1,6.400312151616499,1.0,1,6.763333333333334
gamma,1.5,4.0,1,6.243522853957637,1.0,1,7.44
gamma,1.5,4.5,1,6.056187290969899,1.0,1,8.12
gamma,1.5,5.0,1,5.947447045707915,1.0,1,8.77
gamma,1.5,1.5,2,8.161967771846728,0.9433333333333334,0,3.4566666666666666
gamma,1.5,2.0,2,7.311493311493312,0.99,0,4.553333333333334
gamma,1.5,2.5,2,6.884236343366778,1.0,1,5.403333333333333
gamma,1.5,3.0,2,6.253913043478261,1.0,1,6.346666666666667
gamma,1.5,3.5,2,6.1586399108138234,1.0,1,6.916666666666667
gamma,1.5,4.0,2,5.986421404682274,1.0,1,7.73
gamma,1.5,4.5,2,5.876878483835005,1.0,1,8.463333333333333
gamma,1.5,5.0,2,5.811638795986622,1.0,1,8.996666666666666
gamma,1.5,1.5,3,10.030471134704712,0.9166666666666666,0,3.1233333333333335
gamma,1.5,2.0,3,8.113879981676591,0.9866666666666667,0,4.08
gamma,1.5,2.5,3,7.1001773248636395,0.9966666666666667,0,4.9366666666666665
gamma,1.5,3.0,3,6.766357657516105,0.9966666666666667,0,5.7
gamma,1.5,3.5,3,6.3591973244147155,1.0,1,6.496666666666667
gamma,1.5,4.0,3,6.1696098104793755,1.0,1,7.363333333333333
gamma,1.5,4.5,3,6.040445930880714,1.0,1,8.063333333333333
gamma,1.5,5.0,3,5.941315496098105,1.0,1,8.73
gamma,1.5,1.5,4,10.789728365047454,0.9766666666666667,0,3.4033333333333333
gamma,1.5,2.0,4,8.268837018837019,0.99,0,4.33
gamma,1.5,2.5,4,7.303158178267603,0.9966666666666667,0,5.1066666666666665
gamma,1.5,3.0,4,6.891950947603122,1.0,1,5.876666666666667
gamma,1.5,3.5,4,6.671727982162765,1.0,1,6.636666666666667
gamma,1.5,4.0,4,6.406042363433667,1.0,1,7.27
gamma,1.5,4.5,4,6.051348940914158,1.0,1,8.06
gamma,1.5,5.0,4,5.978127090301004,1.0,1,8.73
gamma,1.5,1.5,5,6.1291199456337075,0.36333333333333334,0,3.13
gamma,1.5,2.0,5,9.37970307097824,0.9933333333333333,0,4.073333333333333
gamma,1.5,2.5,5,7.224843437857736,0.9966666666666667,0,5.0
gamma,1.5,3.0,5,6.986038472761554,0.9966666666666667,0,5.793333333333333
gamma,1.5,3.5,5,6.774581939799331,1.0,1,6.49
gamma,1.5,4.0,5,6.544057971014492,1.0,1,7.183333333333334
gamma,1.5,4.5,5,6.364615384615385,1.0,1,7.84
gamma,1.5,5.0,5,6.171304347826087,1.0,1,8.406666666666666
gamma,1.5,1.5,6,13.33591300452894,0.9466666666666667,0,3.24
gamma,1.5,2.0,6,7.7710490151168115,0.9866666666666667,0,4.123333333333333
gamma,1.5,2.5,6,7.002779472578131,0.9933333333333333,0,5.043333333333333
gamma,1.5,3.0,6,6.539224708760746,0.9966666666666667,0,5.88
gamma,1.5,3.5,6,6.187402452619844,1.0,1,6.666666666666667
gamma,1.5,4.0,6,6.032642140468227,1.0,1,7.463333333333333
gamma,1.5,4.5,6,5.9166332218506135,1.0,1,8.073333333333334
gamma,1.5,5.0,6,5.759665551839465,1.0,1,8.813333333333333
gamma,1.5,1.5,7,9.440551647280072,0.98,0,3.4433333333333334
gamma,1.5,2.0,7,7.510856619331196,0.9866666666666667,0,4.223333333333334
gamma,1.5,2.5,7,7.03041248606466,1.0,1,5.12
gamma,1.5,3.0,7,6.647469342251951,1.0,1,5.843333333333334
gamma,1.5,3.5,7,6.363522853957637,1.0,1,6.556666666666667
gamma,1.5,4.0,7,6.1350947603121515,1.0,1,7.156666666666666
gamma,1.5,4.5,7,5.9626086956521736,1.0,1,7.783333333333333
gamma,1.5,5.0,7,5.781360089186176,1.0,1,8.51
gamma,1.5,1.5,8,9.284024310831343,0.9066666666666666,0,3.2533333333333334
gamma,1.5,2.0,8,7.956356070877554,0.9766666666666667,0,4.176666666666667
gamma,1.5,2.5,8,7.361702611702611,0.99,0,5.036666666666667
gamma,1.5,3.0,8,6.970769230769231,1.0,1,5.743333333333333
gamma,1.5,3.5,8,6.624882943143812,1.0,1,6.573333333333333
gamma,1.5,4.0,8,6.4222519509476035,1.0,1,7.39
gamma,1.5,4.5,8,6.3126644370122635,1.0,1,7.95
gamma,1.5,5.0,8,6.061895206243032,1.0,1,8.593333333333334
gamma,1.5,1.5,9,9.44570411794611,0.9366666666666666,0,3.35
gamma,1.5,2.0,9,7.096243468436661,0.9733333333333334,0,4.3
gamma,1.5,2.5,9,6.832091198254045,0.98,0,5.183333333333334
gamma,1.5,3.0,9,6.435119301474715,0.9966666666666667,0,6.083333333333333
gamma,1.5,3.5,9,6.286243032329989,1.0,1,6.793333333333333
gamma,1.5,4.0,9,5.985953177257525,1.0,1,7.613333333333333
gamma,1.5,4.5,9,5.857123745819398,1.0,1,8.396666666666667
gamma,1.5,5.0,9,5.7671571906354515,1.0,1,9.056666666666667
gamma,1.5,1.5,10,10.663542868127644,0.9633333333333334,0,3.283333333333333
gamma,1.5,2.0,10,8.576778508013374,0.9833333333333333,0,4.14
gamma,1.5,2.5,10,6.912819016408162,0.9966666666666667,0,5.153333333333333
gamma,1.5,3.0,10,6.586092343606204,0.9966666666666667,0,5.886666666666667
gamma,1.5,3.5,10,6.168458620457454,0.9966666666666667,0,6.76
gamma,1.5,4.0,10,5.963567447045708,1.0,1,7.566666666666666
gamma,1.5,4.5,10,5.838795986622074,1.0,1,8.323333333333334
gamma,1.5,5.0,10,5.660758082497213,1.0,1,9.033333333333333
gamma,1.5,1.5,11,9.08168322905165,0.9533333333333334,0,3.566666666666667
gamma,1.5,2.0,11,7.309650559650559,0.99,0,4.546666666666667
gamma,1.5,2.5,11,7.006733855581244,0.9966666666666667,0,5.31
gamma,1.5,3.0,11,6.652241251599291,0.9966666666666667,0,6.15
gamma,1.5,3.5,11,6.285418060200669,1.0,1,6.946666666666666
gamma,1.5,4.0,11,6.089877369007803,1.0,1,7.653333333333333
gamma,1.5,4.5,11,5.97041248606466,1.0,1,8.246666666666666
gamma,1.5,5.0,11,5.848428093645485,1.0,1,8.963333333333333
gamma,1.5,1.5,12,11.211019163763066,0.96,0,3.3433333333333333
gamma,1.5,2.0,12,7.624432241881906,0.9933333333333333,0,4.306666666666667
gamma,1.5,2.5,12,6.710017732486364,0.9966666666666667,0,5.056666666666667
gamma,1.5,3.0,12,6.416286952032502,0.9966666666666667,0,5.8933333333333335
gamma,1.5,3.5,12,6.259041248606466,1.0,1,6.61
gamma,1.5,4.0,12,6.192017837235229,1.0,1,7.226666666666667
gamma,1.5,4.5,12,6.035897435897436,1.0,1,8.096666666666666
gamma,1.5,5.0,12,5.931705685618729,1.0,1,8.773333333333333
gamma,1.5,1.5,13,11.996695475343163,0.9366666666666666,0,3.0766666666666667
gamma,1.5,2.0,13,9.28192983678113,0.98,0,4.18
gamma,1.5,2.5,13,7.38697223406882,0.9966666666666667,0,5.21
gamma,1.5,3.0,13,6.953823857302118,1.0,1,5.93
gamma,1.5,3.5,13,6.622118171683389,1.0,1,6.68
gamma,1.5,4.0,13,6.28628762541806,1.0,1,7.446666666666666
gamma,1.5,4.5,13,6.1179264214046825,1.0,1,8.016666666666667
gamma,1.5,5.0,13,5.971304347826087,1.0,1,8.68
gamma,1.5,1.5,14,10.743175701653211,0.9633333333333334,0,3.4066666666666667
gamma,1.5,2.0,14,7.697425422549438,0.9966666666666667,0,4.35
gamma,1.5,2.5,14,6.8821404682274245,1.0,1,5.17
gamma,1.5,3.0,14,6.545061315496098,1.0,1,5.906666666666666
gamma,1.5,3.5,14,6.342764771460423,1.0,1,6.5
gamma,1.5,4.0,14,6.185863991081383,1.0,1,7.253333333333333
gamma,1.5,4.5,14,6.093132664437012,1.0,1,7.753333333333333
gamma,1.5,5.0,14,5.925239687848383,1.0,1,8.516666666666667
gamma,1.5,1.5,15,13.15438112745098,0.8533333333333334,0,3.2066666666666666
gamma,1.5,2.0,15,7.699524549263287,0.9733333333333334,0,4.176666666666667
gamma,1.5,2.5,15,7.17386845039019,1.0,1,4.933333333333334
gamma,1.5,3.0,15,6.79355629877369,1.0,1,5.68
gamma,1.5,3.5,15,6.586176142697882,1.0,1,6.3533333333333335
gamma,1.5,4.0,15,6.327068004459309,1.0,1,7.13
gamma,1.5,4.5,15,6.2094983277591975,1.0,1,7.753333333333333
gamma,1.5,5.0,15,6.019197324414716,1.0,1,8.43
gamma,1.5,1.5,16,9.51926201294231,0.9,0,3.1333333333333333
gamma,1.5,2.0,16,8.22893347893348,0.99,0,4.056666666666667
gamma,1.5,2.5,16,7.265373467112598,1.0,1,4.953333333333333
gamma,1.5,3.0,16,6.739152731326644,1.0,1,5.776666666666666
gamma,1.5,3.5,16,6.49257525083612,1.0,1,6.386666666666667
gamma,1.5,4.0,16,6.300245261984393,1.0,1,7.18
gamma,1.5,4.5,16,5.91056856187291,1.0,1,7.8933333333333335
gamma,1.5,5.0,16,5.827959866220736,1.0,1,8.59
gamma,1.5,1.5,17,10.601408450704225,0.95,0,3.4366666666666665
gamma,1.5,2.0,17,8.33420832836177,0.9666666666666667,0,4.343333333333334
gamma,1.5,2.5,17,7.345777595777596,0.99,0,5.22
gamma,1.5,3.0,17,6.891103678929766,1.0,1,6.11
gamma,1.5,3.5,17,6.573444816053511,1.0,1,6.8933333333333335
gamma,1.5,4.0,17,6.324258639910814,1.0,1,7.546666666666667
gamma,1.5,4.5,17,6.168160535117057,1.0,1,8.136666666666667
gamma,1.5,5.0,17,6.023188405797101,1.0,1,8.696666666666667
gamma,1.5,1.5,18,9.132545174932718,0.9633333333333334,0,3.27
gamma,1.5,2.0,18,7.92042042042042,0.99,0,4.1
gamma,1.5,2.5,18,6.91067272275326,0.9933333333333333,0,4.99
gamma,1.5,3.0,18,6.5948272017837235,1.0,1,5.89
gamma,1.5,3.5,18,6.476499442586399,1.0,1,6.753333333333333
gamma,1.5,4.0,18,6.3679375696767,1.0,1,7.443333333333333
gamma,1.5,4.5,18,6.164972129319955,1.0,1,8.233333333333333
gamma,1.5,5.0,18,5.964191750278707,1.0,1,9.09
gamma,1.5,1.5,19,10.830831315577079,0.9833333333333333,0,3.21
gamma,1.5,2.0,19,7.902740679221567,0.9966666666666667,0,4.17
gamma,1.5,2.5,19,6.832196209587514,1.0,1,5.1433333333333335
gamma,1.5,3.0,19,6.483389074693423,1.0,1,5.906666666666666
gamma,1.5,3.5,19,6.183745819397993,1.0,1,6.696666666666666
gamma,1.5,4.0,19,5.961872909698997,1.0,1,7.34
gamma,1.5,4.5,19,5.861672240802676,1.0,1,7.946666666666666
gamma,1.5,5.0,19,5.776410256410257,1.0,1,8.5
gamma,1.5,1.5,20,10.789832231825114,0.9366666666666666,0,3.2
gamma,1.5,2.0,20,7.958477508650519,0.9666666666666667,0,4.08
gamma,1.5,2.5,20,7.112625389138707,0.9833333333333333,0,4.863333333333333
gamma,1.5,3.0,20,6.8744265925473975,0.9933333333333333,0,5.526666666666666
gamma,1.5,3.5,20,6.719152731326645,1.0,1,6.17
gamma,1.5,4.0,20,6.354537346711259,1.0,1,6.983333333333333
gamma,1.5,4.5,20,6.1528205128205125,1.0,1,7.633333333333334
gamma,1.5,5.0,20,6.056187290969899,1.0,1,8.243333333333334
gamma,1.5,1.5,21,9.63560299349773,0.9533333333333334,0,3.4233333333333333
gamma,1.5,2.0,21,7.895122794880664,0.9833333333333333,0,4.163333333333333
gamma,1.5,2.5,21,7.050708426547352,0.9933333333333333,0,5.16
gamma,1.5,3.0,21,6.711973244147157,1.0,1,5.94
gamma,1.5,3.5,21,6.40247491638796,1.0,1,6.55
gamma,1.5,4.0,21,6.12,1.0,1,7.286666666666667
gamma,1.5,4.5,21,5.943344481605351,1.0,1,8.016666666666667
gamma,1.5,5.0,21,5.893311036789298,1.0,1,8.543333333333333
gamma,1.5,1.5,22,10.981603762091567,0.9566666666666667,0,2.986666666666667
gamma,1.5,2.0,22,9.235532752654814,0.9666666666666667,0,3.91
gamma,1.5,2.5,22,7.953042731566222,0.9933333333333333,0,4.723333333333334
gamma,1.5,3.0,22,7.240376198065139,0.9966666666666667,0,5.406666666666666
gamma,1.5,3.5,22,6.830576193575902,0.9966666666666667,0,6.206666666666667
gamma,1.5,4.0,22,6.59895400776638,0.9966666666666667,0,6.876666666666667
gamma,1.5,4.5,22,6.395322214989562,0.9966666666666667,0,7.3966666666666665
gamma,1.5,5.0,22,6.205128205128205,1.0,1,8.176666666666666
gamma,1.5,1.5,23,11.29084875017653,0.9733333333333334,0,3.183333333333333
gamma,1.5,2.0,23,7.734910627528077,0.9933333333333333,0,4.013333333333334
gamma,1.5,2.5,23,6.7833141255960046,0.9933333333333333,0,4.96
gamma,1.5,3.0,23,6.5223227312518235,0.9966666666666667,0,5.706666666666667
gamma,1.5,3.5,23,6.28133779264214,1.0,1,6.546666666666667
gamma,1.5,4.0,23,6.0832552954292085,1.0,1,7.426666666666667
gamma,1.5,4.5,23,5.941159420289855,1.0,1,8.11
gamma,1.5,5.0,23,5.859977703455964,1.0,1,8.57
gamma,1.5,1.5,24,8.846165841487661,0.7566666666666667,0,2.99
gamma,1.5,2.0,24,8.082808716707023,0.9833333333333333,0,3.72
gamma,1.5,2.5,24,7.1866220735785955,1.0,1,4.596666666666667
gamma,1.5,3.0,24,6.843411371237458,1.0,1,5.37
gamma,1.5,3.5,24,6.714448160535117,1.0,1,6.173333333333333
gamma,1.5,4.0,24,6.445752508361204,1.0,1,7.01
gamma,1.5,4.5,24,6.338795986622074,1.0,1,7.663333333333333
gamma,1.5,5.0,24,6.250568561872909,1.0,1,8.26
gamma,2.0,1.5,0,9.787200395354583,0.95,0,3.066666666666667
n,300,1.5,0,9.787200395354583,0.95,0,3.066666666666667
gamma,2.0,2.0,0,7.814989046466044,0.9833333333333333,0,3.9766666666666666
n,300,2.0,0,7.814989046466044,0.9833333333333333,0,3.9766666666666666
gamma,2.0,2.5,0,7.505105908584169,1.0,1,4.85
n,300,2.5,0,7.505105908584169,1.0,1,4.85
gamma,2.0,3.0,0,7.231950947603122,1.0,1,5.6066666666666665
n,300,3.0,0,7.231950947603122,1.0,1,5.6066666666666665
gamma,2.0,3.5,0,7.018639910813824,1.0,1,6.256666666666667
n,300,3.5,0,7.018639910813824,1.0,1,6.256666666666667
gamma,2.0,4.0,0,6.64345596432553,1.0,1,7.013333333333334
n,300,4.0,0,6.64345596432553,1.0,1,7.013333333333334
gamma,2.0,4.5,0,6.383010033444816,1.0,1,7.666666666666667
n,300,4.5,0,6.383010033444816,1.0,1,7.666666666666667
gamma,2.0,5.0,0,6.223857302118172,1.0,1,8.263333333333334
n,300,5.0,0,6.223857302118172,1.0,1,8.263333333333334
gamma,2.0,1.5,1,9.716350902397414,0.8633333333333333,0,3.1233333333333335
n,300,1.5,1,9.716350902397414,0.8633333333333333,0,3.1233333333333335
gamma,2.0,2.0,1,8.722789738891434,0.9866666666666667,0,4.016666666666667
n,300,2.0,1,8.722789738891434,0.9866666666666667,0,4.016666666666667
gamma,2.0,2.5,1,7.270429520429521,0.99,0,4.846666666666667
n,300,2.5,1,7.270429520429521,0.99,0,4.846666666666667
gamma,2.0,3.0,1,6.896120037059634,0.9933333333333333,0,5.493333333333333
n,300,3.0,1,6.896120037059634,0.9933333333333333,0,5.493333333333333
gamma,2.0,3.5,1,6.61536231884058,1.0,1,6.323333333333333
n,300,3.5,1,6.61536231884058,1.0,1,6.323333333333333
gamma,2.0,4.0,1,6.512263099219621,1.0,1,6.973333333333334
n,300,4.0,1,6.512263099219621,1.0,1,6.973333333333334
gamma,2.0,4.5,1,6.3249052396878485,1.0,1,7.676666666666667
n,300,4.5,1,6.3249052396878485,1.0,1,7.676666666666667
gamma,2.0,5.0,1,6.1804682274247495,1.0,1,8.243333333333334
n,300,5.0,1,6.1804682274247495,1.0,1,8.243333333333334
gamma,2.0,1.5,2,8.302914642609299,0.44,0,2.88
n,300,1.5,2,8.302914642609299,0.44,0,2.88
gamma,2.0,2.0,2,10.070632998962298,0.9833333333333333,0,3.6766666666666667
n,300,2.0,2,10.070632998962298,0.9833333333333333,0,3.6766666666666667
gamma,2.0,2.5,2,8.736257443884563,0.9866666666666667,0,4.576666666666667
n,300,2.5,2,8.736257443884563,0.9866666666666667,0,4.576666666666667
gamma,2.0,3.0,2,7.751282051282051,1.0,1,5.24
n,300,3.0,2,7.751282051282051,1.0,1,5.24
gamma,2.0,3.5,2,7.013734671125976,1.0,1,5.983333333333333
n,300,3.5,2,7.013734671125976,1.0,1,5.983333333333333
gamma,2.0,4.0,2,6.7732441471571905,1.0,1,6.693333333333333
n,300,4.0,2,6.7732441471571905,1.0,1,6.693333333333333
gamma,2.0,4.5,2,6.540423634336678,1.0,1,7.293333333333333
n,300,4.5,2,6.540423634336678,1.0,1,7.293333333333333
gamma,2.0,5.0,2,6.231460423634337,1.0,1,7.836666666666667
n,300,5.0,2,6.231460423634337,1.0,1,7.836666666666667
gamma,2.0,1.5,3,10.088239466591006,0.8866666666666667,0,3.1033333333333335
n,300,1.5,3,10.088239466591006,0.8866666666666667,0,3.1033333333333335
gamma,2.0,2.0,3,9.221953188054883,0.9833333333333333,0,4.023333333333333
n,300,2.0,3,9.221953188054883,0.9833333333333333,0,4.023333333333333
gamma,2.0,2.5,3,7.496014658726523,0.9866666666666667,0,4.816666666666666
n,300,2.5,3,7.496014658726523,0.9866666666666667,0,4.816666666666666
gamma,2.0,3.0,3,6.872285845167201,0.9866666666666667,0,5.443333333333333
n,300,3.0,3,6.872285845167201,0.9866666666666667,0,5.443333333333333
gamma,2.0,3.5,3,6.5497997997998,0.99,0,6.336666666666667
n,300,3.5,3,6.5497997997998,0.99,0,6.336666666666667
gamma,2.0,4.0,3,6.259108138238573,1.0,1,7.126666666666667
n,300,4.0,3,6.259108138238573,1.0,1,7.126666666666667
gamma,2.0,4.5,3,6.141917502787068,1.0,1,7.71
n,300,4.5,3,6.141917502787068,1.0,1,7.71
gamma,2.0,5.0,3,5.935094760312151,1.0,1,8.383333333333333
n,300,5.0,3,5.935094760312151,1.0,1,8.383333333333333
gamma,2.0,1.5,4,8.832865376089847,0.6733333333333333,0,2.9066666666666667
n,300,1.5,4,8.832865376089847,0.6733333333333333,0,2.9066666666666667
gamma,2.0,2.0,4,9.38291248702871,0.9833333333333333,0,3.7933333333333334
n,300,2.0,4,9.38291248702871,0.9833333333333333,0,3.7933333333333334
gamma,2.0,2.5,4,8.294448160535117,1.0,1,4.66
n,300,2.5,4,8.294448160535117,1.0,1,4.66
gamma,2.0,3.0,4,7.305975473801561,1.0,1,5.37
n,300,3.0,4,7.305975473801561,1.0,1,5.37
gamma,2.0,3.5,4,6.934938684503902,1.0,1,6.0633333333333335
n,300,3.5,4,6.934938684503902,1.0,1,6.0633333333333335
gamma,2.0,4.0,4,6.666220735785953,1.0,1,6.6
n,300,4.0,4,6.666220735785953,1.0,1,6.6
gamma,2.0,4.5,4,6.443812709030101,1.0,1,7.273333333333333
n,300,4.5,4,6.443812709030101,1.0,1,7.273333333333333
gamma,2.0,5.0,4,6.268338907469342,1.0,1,7.93
n,300,5.0,4,6.268338907469342,1.0,1,7.93
gamma,2.0,1.5,5,8.784426877470356,0.92,0,3.2333333333333334
n,300,1.5,5,8.784426877470356,0.92,0,3.2333333333333334
gamma,2.0,2.0,5,7.727199354317999,0.9833333333333333,0,4.113333333333333
n,300,2.0,5,7.727199354317999,0.9833333333333333,0,4.113333333333333
gamma,2.0,2.5,5,7.187625697692812,0.9933333333333333,0,4.956666666666667
n,300,2.5,5,7.187625697692812,0.9933333333333333,0,4.956666666666667
gamma,2.0,3.0,5,6.716325110547462,0.9966666666666667,0,5.703333333333333
n,300,3.0,5,6.716325110547462,0.9966666666666667,0,5.703333333333333
gamma,2.0,3.5,5,6.579531772575251,1.0,1,6.43
n,300,3.5,5,6.579531772575251,1.0,1,6.43
gamma,2.0,4.0,5,6.418595317725752,1.0,1,7.083333333333333
n,300,4.0,5,6.418595317725752,1.0,1,7.083333333333333
gamma,2.0,4.5,5,6.2042140468227425,1.0,1,7.773333333333333
n,300,4.5,5,6.2042140468227425,1.0,1,7.773333333333333
gamma,2.0,5.0,5,6.126956521739131,1.0,1,8.36
n,300,5.0,5,6.126956521739131,1.0,1,8.36
gamma,2.0,1.5,6,9.77652944539737,0.8833333333333333,0,3.07
n,300,1.5,6,9.77652944539737,0.8833333333333333,0,3.07
gamma,2.0,2.0,6,7.987409200968523,0.9833333333333333,0,3.8966666666666665
n,300,2.0,6,7.987409200968523,0.9833333333333333,0,3.8966666666666665
gamma,2.0,2.5,6,7.451482720178372,1.0,1,4.793333333333333
n,300,2.5,6,7.451482720178372,1.0,1,4.793333333333333
gamma,2.0,3.0,6,7.115964325529543,1.0,1,5.5633333333333335
n,300,3.0,6,7.115964325529543,1.0,1,5.5633333333333335
gamma,2.0,3.5,6,6.918260869565217,1.0,1,6.193333333333333
n,300,3.5,6,6.918260869565217,1.0,1,6.193333333333333
gamma,2.0,4.0,6,6.6289632107023415,1.0,1,6.85
n,300,4.0,6,6.6289632107023415,1.0,1,6.85
gamma,2.0,4.5,6,6.45603121516165,1.0,1,7.55
n,300,4.5,6,6.45603121516165,1.0,1,7.55
gamma,2.0,5.0,6,6.36989966555184,1.0,1,8.113333333333333
n,300,5.0,6,6.36989966555184,1.0,1,8.113333333333333
gamma,2.0,1.5,7,12.41093405881591,0.83,0,2.8266666666666667
n,300,1.5,7,12.41093405881591,0.83,0,2.8266666666666667
gamma,2.0,2.0,7,9.243834743834745,0.99,0,3.63
n,300,2.0,7,9.243834743834745,0.99,0,3.63
gamma,2.0,2.5,7,8.438907469342253,1.0,1,4.403333333333333
n,300,2.5,7,8.438907469342253,1.0,1,4.403333333333333
gamma,2.0,3.0,7,7.19056856187291,1.0,1,5.25
n,300,3.0,7,7.19056856187291,1.0,1,5.25
gamma,2.0,3.5,7,6.974693422519509,1.0,1,5.836666666666667
n,300,3.5,7,6.974693422519509,1.0,1,5.836666666666667
gamma,2.0,4.0,7,6.588494983277592,1.0,1,6.47
n,300,4.0,7,6.588494983277592,1.0,1,6.47
gamma,2.0,4.5,7,6.413690078037904,1.0,1,7.09
n,300,4.5,7,6.413690078037904,1.0,1,7.09
gamma,2.0,5.0,7,6.137569676700111,1.0,1,7.68
n,300,5.0,7,6.137569676700111,1.0,1,7.68
gamma,2.0,1.5,8,10.66766501822572,0.98,0,3.34
n,300,1.5,8,10.66766501822572,0.98,0,3.34
gamma,2.0,2.0,8,8.341316693227986,0.9966666666666667,0,4.22
n,300,2.0,8,8.341316693227986,0.9966666666666667,0,4.22
gamma,2.0,2.5,8,7.298573021181717,1.0,1,4.95
n,300,2.5,8,7.298573021181717,1.0,1,4.95
gamma,2.0,3.0,8,6.937324414715719,1.0,1,5.733333333333333
n,300,3.0,8,6.937324414715719,1.0,1,5.733333333333333
gamma,2.0,3.5,8,6.6232552954292085,1.0,1,6.426666666666667
n,300,3.5,8,6.6232552954292085,1.0,1,6.426666666666667
gamma,2.0,4.0,8,6.476142697881828,1.0,1,7.07
n,300,4.0,8,6.476142697881828,1.0,1,7.07
gamma,2.0,4.5,8,6.361426978818283,1.0,1,7.56
n,300,4.5,8,6.361426978818283,1.0,1,7.56
gamma,2.0,5.0,8,6.2726421404682275,1.0,1,8.066666666666666
n,300,5.0,8,6.2726421404682275,1.0,1,8.066666666666666
gamma,2.0,1.5,9,12.247774123686533,0.9133333333333333,0,3.03
n,300,1.5,9,12.247774123686533,0.9133333333333333,0,3.03
gamma,2.0,2.0,9,9.201055085265612,0.9533333333333334,0,3.723333333333333
n,300,2.0,9,9.201055085265612,0.9533333333333334,0,3.723333333333333
gamma,2.0,2.5,9,8.38811698951763,0.9966666666666667,0,4.52
n,300,2.5,9,8.38811698951763,0.9966666666666667,0,4.52
gamma,2.0,3.0,9,7.7852797916994,0.9966666666666667,0,5.3533333333333335
n,300,3.0,9,7.7852797916994,0.9966666666666667,0,5.3533333333333335
gamma,2.0,3.5,9,7.144553433144037,0.9966666666666667,0,5.94
n,300,3.5,9,7.144553433144037,0.9966666666666667,0,5.94
gamma,2.0,4.0,9,6.781627647714604,1.0,1,6.6
n,300,4.0,9,6.781627647714604,1.0,1,6.6
gamma,2.0,4.5,9,6.382452619843924,1.0,1,7.196666666666666
n,300,4.5,9,6.382452619843924,1.0,1,7.196666666666666
gamma,2.0,5.0,9,6.076454849498328,1.0,1,7.876666666666667
n,300,5.0,9,6.076454849498328,1.0,1,7.876666666666667
gamma,2.0,1.5,10,12.173920121554156,0.9066666666666666,0,2.9766666666666666
n,300,1.5,10,12.173920121554156,0.9066666666666666,0,2.9766666666666666
gamma,2.0,2.0,10,8.829864641945179,0.9933333333333333,0,3.9833333333333334
n,300,2.0,10,8.829864641945179,0.9933333333333333,0,3.9833333333333334
gamma,2.0,2.5,10,8.010278706800445,1.0,1,4.733333333333333
n,300,2.5,10,8.010278706800445,1.0,1,4.733333333333333
gamma,2.0,3.0,10,7.261025641025641,1.0,1,5.363333333333333
n,300,3.0,10,7.261025641025641,1.0,1,5.363333333333333
gamma,2.0,3.5,10,6.954113712374582,1.0,1,6.006666666666667
n,300,3.5,10,6.954113712374582,1.0,1,6.006666666666667
gamma,2.0,4.0,10,6.8188628762541805,1.0,1,6.493333333333333
n,300,4.0,10,6.8188628762541805,1.0,1,6.493333333333333
gamma,2.0,4.5,10,6.638394648829432,1.0,1,7.113333333333333
n,300,4.5,10,6.638394648829432,1.0,1,7.113333333333333
gamma,2.0,5.0,10,6.493288740245262,1.0,1,7.723333333333334
n,300,5.0,10,6.493288740245262,1.0,1,7.723333333333334
gamma,2.0,1.5,11,10.143543467208948,0.9366666666666666,0,3.14
n,300,1.5,11,10.143543467208948,0.9366666666666666,0,3.14
gamma,2.0,2.0,11,8.268742309210374,0.98,0,3.99
n,300,2.0,11,8.268742309210374,0.98,0,3.99
gamma,2.0,2.5,11,7.3473132664437015,1.0,1,4.85
n,300,2.5,11,7.3473132664437015,1.0,1,4.85
gamma,2.0,3.0,11,6.957993311036789,1.0,1,5.756666666666667
n,300,3.0,11,6.957993311036789,1.0,1,5.756666666666667
gamma,2.0,3.5,11,6.7387959866220735,1.0,1,6.463333333333333
n,300,3.5,11,6.7387959866220735,1.0,1,6.463333333333333
gamma,2.0,4.0,11,6.466488294314381,1.0,1,7.113333333333333
n,300,4.0,11,6.466488294314381,1.0,1,7.113333333333333
gamma,2.0,4.5,11,6.315027870680044,1.0,1,7.78
n,300,4.5,11,6.315027870680044,1.0,1,7.78
gamma,2.0,5.0,11,6.218974358974359,1.0,1,8.343333333333334
n,300,5.0,11,6.218974358974359,1.0,1,8.343333333333334
gamma,2.0,1.5,12,12.692820750347384,0.85,0,2.93
n,300,1.5,12,12.692820750347384,0.85,0,2.93
gamma,2.0,2.0,12,8.449189507810198,0.87,0,3.77
n,300,2.0,12,8.449189507810198,0.87,0,3.77
gamma,2.0,2.5,12,8.442966265004296,0.98,0,4.726666666666667
n,300,2.5,12,8.442966265004296,0.98,0,4.726666666666667
gamma,2.0,3.0,12,7.414060504747974,0.98,0,5.473333333333334
n,300,3.0,12,7.414060504747974,0.98,0,5.473333333333334
gamma,2.0,3.5,12,7.239353400222965,1.0,1,6.123333333333333
n,300,3.5,12,7.239353400222965,1.0,1,6.123333333333333
gamma,2.0,4.0,12,6.650033444816054,1.0,1,6.79
n,300,4.0,12,6.650033444816054,1.0,1,6.79
gamma,2.0,4.5,12,6.394470457079152,1.0,1,7.27
n,300,4.5,12,6.394470457079152,1.0,1,7.27
gamma,2.0,5.0,12,6.247982162764772,1.0,1,7.883333333333334
n,300,5.0,12,6.247982162764772,1.0,1,7.883333333333334
gamma,2.0,1.5,13,10.854723505211883,0.94,0,3.013333333333333
n,300,1.5,13,10.854723505211883,0.94,0,3.013333333333333
gamma,2.0,2.0,13,8.890691476927392,0.9766666666666667,0,3.86
n,300,2.0,13,8.890691476927392,0.9766666666666667,0,3.86
gamma,2.0,2.5,13,7.977677850801338,0.9833333333333333,0,4.546666666666667
n,300,2.5,13,7.977677850801338,0.9833333333333333,0,4.546666666666667
gamma,2.0,3.0,13,7.647984425103069,0.9866666666666667,0,5.226666666666667
n,300,3.0,13,7.647984425103069,0.9866666666666667,0,5.226666666666667
gamma,2.0,3.5,13,7.158840579710145,1.0,1,5.82
n,300,3.5,13,7.158840579710145,1.0,1,5.82
gamma,2.0,4.0,13,6.707759197324415,1.0,1,6.523333333333333
n,300,4.0,13,6.707759197324415,1.0,1,6.523333333333333
gamma,2.0,4.5,13,6.448740245261984,1.0,1,7.206666666666667
n,300,4.5,13,6.448740245261984,1.0,1,7.206666666666667
gamma,2.0,5.0,13,6.240401337792642,1.0,1,7.866666666666666
n,300,5.0,13,6.240401337792642,1.0,1,7.866666666666666
gamma,2.0,1.5,14,13.434646055698687,0.9533333333333334,0,3.1166666666666667
n,300,1.5,14,13.434646055698687,0.9533333333333334,0,3.1166666666666667
gamma,2.0,2.0,14,9.073158273548326,0.98,0,4.043333333333333
n,300,2.0,14,9.073158273548326,0.98,0,4.043333333333333
gamma,2.0,2.5,14,8.227735972702416,0.9933333333333333,0,4.816666666666666
n,300,2.5,14,8.227735972702416,0.9933333333333333,0,4.816666666666666
gamma,2.0,3.0,14,7.266488294314382,1.0,1,5.6066666666666665
n,300,3.0,14,7.266488294314382,1.0,1,5.6066666666666665
gamma,2.0,3.5,14,6.883366778149387,1.0,1,6.3
n,300,3.5,14,6.883366778149387,1.0,1,6.3
gamma,2.0,4.0,14,6.671549609810479,1.0,1,7.01
n,300,4.0,14,6.671549609810479,1.0,1,7.01
gamma,2.0,4.5,14,6.486911928651059,1.0,1,7.723333333333334
n,300,4.5,14,6.486911928651059,1.0,1,7.723333333333334
gamma,2.0,5.0,14,6.2791304347826085,1.0,1,8.393333333333333
n,300,5.0,14,6.2791304347826085,1.0,1,8.393333333333333
gamma,2.0,1.5,15,8.231751579513375,0.5766666666666667,0,3.06
n,300,1.5,15,8.231751579513375,0.5766666666666667,0,3.06
gamma,2.0,2.0,15,9.476464872438028,0.9933333333333333,0,3.9433333333333334
n,300,2.0,15,9.476464872438028,0.9933333333333333,0,3.9433333333333334
gamma,2.0,2.5,15,7.683455964325529,1.0,1,4.77
n,300,2.5,15,7.683455964325529,1.0,1,4.77
gamma,2.0,3.0,15,7.352530657748049,1.0,1,5.51
n,300,3.0,15,7.352530657748049,1.0,1,5.51
gamma,2.0,3.5,15,7.004972129319955,1.0,1,6.336666666666667
n,300,3.5,15,7.004972129319955,1.0,1,6.336666666666667
gamma,2.0,4.0,15,6.587736900780379,1.0,1,7.006666666666667
n,300,4.0,15,6.587736900780379,1.0,1,7.006666666666667
gamma,2.0,4.5,15,6.386867335562988,1.0,1,7.723333333333334
n,300,4.5,15,6.386867335562988,1.0,1,7.723333333333334
gamma,2.0,5.0,15,6.213534002229655,1.0,1,8.26
n,300,5.0,15,6.213534002229655,1.0,1,8.26
gamma,2.0,1.5,16,10.316018256900675,0.7166666666666667,0,2.8333333333333335
n,300,1.5,16,10.316018256900675,0.7166666666666667,0,2.8333333333333335
gamma,2.0,2.0,16,7.740988637847721,0.8266666666666667,0,3.8866666666666667
n,300,2.0,16,7.740988637847721,0.8266666666666667,0,3.8866666666666667
gamma,2.0,2.5,16,7.862592921595213,0.9766666666666667,0,4.546666666666667
n,300,2.5,16,7.862592921595213,0.9766666666666667,0,4.546666666666667
gamma,2.0,3.0,16,7.599665559397103,0.9933333333333333,0,5.253333333333333
n,300,3.0,16,7.599665559397103,0.9933333333333333,0,5.253333333333333
gamma,2.0,3.5,16,6.877859531772575,1.0,1,6.04
n,300,3.5,16,6.877859531772575,1.0,1,6.04
gamma,2.0,4.0,16,6.669966555183946,1.0,1,6.513333333333334
n,300,4.0,16,6.669966555183946,1.0,1,6.513333333333334
gamma,2.0,4.5,16,6.546622073578595,1.0,1,7.09
n,300,4.5,16,6.546622073578595,1.0,1,7.09
gamma,2.0,5.0,16,6.227513935340022,1.0,1,7.6433333333333335
n,300,5.0,16,6.227513935340022,1.0,1,7.6433333333333335
gamma,2.0,1.5,17,15.292153374074934,0.93,0,2.966666666666667
n,300,1.5,17,15.292153374074934,0.93,0,2.966666666666667
gamma,2.0,2.0,17,9.284562528630325,0.9866666666666667,0,3.7133333333333334
n,300,2.0,17,9.284562528630325,0.9866666666666667,0,3.7133333333333334
gamma,2.0,2.5,17,7.823718166000045,0.9933333333333333,0,4.583333333333333
n,300,2.5,17,7.823718166000045,0.9933333333333333,0,4.583333333333333
gamma,2.0,3.0,17,7.269409141583055,1.0,1,5.273333333333333
n,300,3.0,17,7.269409141583055,1.0,1,5.273333333333333
gamma,2.0,3.5,17,6.898439241917503,1.0,1,5.903333333333333
n,300,3.5,17,6.898439241917503,1.0,1,5.903333333333333
gamma,2.0,4.0,17,6.709988851727982,1.0,1,6.616666666666666
n,300,4.0,17,6.709988851727982,1.0,1,6.616666666666666
gamma,2.0,4.5,17,6.269074693422519,1.0,1,7.216666666666667
n,300,4.5,17,6.269074693422519,1.0,1,7.216666666666667
gamma,2.0,5.0,17,6.076588628762542,1.0,1,7.833333333333333
n,300,5.0,17,6.076588628762542,1.0,1,7.833333333333333
gamma,2.0,1.5,18,10.471826013274962,0.9733333333333334,0,3.21
n,300,1.5,18,10.471826013274962,0.9733333333333334,0,3.21
gamma,2.0,2.0,18,8.876142697881829,1.0,1,4.1433333333333335
n,300,2.0,18,8.876142697881829,1.0,1,4.1433333333333335
gamma,2.0,2.5,18,8.148428093645485,1.0,1,4.82
n,300,2.5,18,8.148428093645485,1.0,1,4.82
gamma,2.0,3.0,18,7.042207357859532,1.0,1,5.59
n,300,3.0,18,7.042207357859532,1.0,1,5.59
gamma,2.0,3.5,18,6.872285395763656,1.0,1,6.273333333333333
n,300,3.5,18,6.872285395763656,1.0,1,6.273333333333333
gamma,2.0,4.0,18,6.529542920847269,1.0,1,7.093333333333334
n,300,4.0,18,6.529542920847269,1.0,1,7.093333333333334
gamma,2.0,4.5,18,6.234091415830546,1.0,1,7.816666666666666
n,300,4.5,18,6.234091415830546,1.0,1,7.816666666666666
gamma,2.0,5.0,18,6.139710144927537,1.0,1,8.413333333333334
n,300,5.0,18,6.139710144927537,1.0,1,8.413333333333334
gamma,2.0,1.5,19,8.526804362961244,0.93,0,3.296666666666667
n,300,1.5,19,8.526804362961244,0.93,0,3.296666666666667
gamma,2.0,2.0,19,7.563588147123256,0.9833333333333333,0,4.183333333333334
n,300,2.0,19,7.563588147123256,0.9833333333333333,0,4.183333333333334
gamma,2.0,2.5,19,7.00166101771004,0.9966666666666667,0,5.113333333333333
n,300,2.5,19,7.00166101771004,0.9966666666666667,0,5.113333333333333
gamma,2.0,3.0,19,6.783933020583152,0.9966666666666667,0,5.773333333333333
n,300,3.0,19,6.783933020583152,0.9966666666666667,0,5.773333333333333
gamma,2.0,3.5,19,6.541514219658369,0.9966666666666667,0,6.5633333333333335
n,300,3.5,19,6.541514219658369,0.9966666666666667,0,6.5633333333333335
gamma,2.0,4.0,19,6.208673355629878,1.0,1,7.333333333333333
n,300,4.0,19,6.208673355629878,1.0,1,7.333333333333333
gamma,2.0,4.5,19,6.126778149386845,1.0,1,7.966666666666667
n,300,4.5,19,6.126778149386845,1.0,1,7.966666666666667
gamma,2.0,5.0,19,5.999264214046823,1.0,1,8.593333333333334
n,300,5.0,19,5.999264214046823,1.0,1,8.593333333333334
gamma,2.0,1.5,20,13.020700920700921,0.8666666666666667,0,2.9366666666666665
n,300,1.5,20,13.020700920700921,0.8666666666666667,0,2.9366666666666665
gamma,2.0,2.0,20,8.873673383514891,0.9766666666666667,0,3.8833333333333333
n,300,2.0,20,8.873673383514891,0.9766666666666667,0,3.8833333333333333
gamma,2.0,2.5,20,7.884632351234009,0.98,0,4.566666666666666
n,300,2.5,20,7.884632351234009,0.98,0,4.566666666666666
gamma,2.0,3.0,20,7.16665536799765,0.9933333333333333,0,5.276666666666666
n,300,3.0,20,7.16665536799765,0.9933333333333333,0,5.276666666666666
gamma,2.0,3.5,20,6.787042686371546,0.9933333333333333,0,5.996666666666667
n,300,3.5,20,6.787042686371546,0.9933333333333333,0,5.996666666666667
gamma,2.0,4.0,20,6.595362318840579,1.0,1,6.65
n,300,4.0,20,6.595362318840579,1.0,1,6.65
gamma,2.0,4.5,20,6.43473801560758,1.0,1,7.323333333333333
n,300,4.5,20,6.43473801560758,1.0,1,7.323333333333333
gamma,2.0,5.0,20,6.2155852842809365,1.0,1,7.903333333333333
n,300,5.0,20,6.2155852842809365,1.0,1,7.903333333333333
gamma,2.0,1.5,21,10.908723843206602,0.87,0,3.3
n,300,1.5,21,10.908723843206602,0.87,0,3.3
gamma,2.0,2.0,21,8.071602995441719,0.9066666666666666,0,4.046666666666667
n,300,2.0,21,8.071602995441719,0.9066666666666666,0,4.046666666666667
gamma,2.0,2.5,21,7.044649257552483,0.9333333333333333,0,5.016666666666667
n,300,2.5,21,7.044649257552483,0.9333333333333333,0,5.016666666666667
gamma,2.0,3.0,21,6.786816304185537,0.9466666666666667,0,5.863333333333333
n,300,3.0,21,6.786816304185537,0.9466666666666667,0,5.863333333333333
gamma,2.0,3.5,21,6.55752508361204,1.0,1,6.5
n,300,3.5,21,6.55752508361204,1.0,1,6.5
gamma,2.0,4.0,21,6.219576365663322,1.0,1,7.13
n,300,4.0,21,6.219576365663322,1.0,1,7.13
gamma,2.0,4.5,21,6.1176588628762545,1.0,1,7.73
n,300,4.5,21,6.1176588628762545,1.0,1,7.73
gamma,2.0,5.0,21,6.047536231884058,1.0,1,8.336666666666666
n,300,5.0,21,6.047536231884058,1.0,1,8.336666666666666
gamma,2.0,1.5,22,8.822479589899373,0.7666666666666667,0,3.0566666666666666
n,300,1.5,22,8.822479589899373,0.7666666666666667,0,3.0566666666666666
gamma,2.0,2.0,22,8.504433121590985,0.9966666666666667,0,3.9466666666666668
n,300,2.0,22,8.504433121590985,0.9966666666666667,0,3.9466666666666668
gamma,2.0,2.5,22,7.5431661092530655,1.0,1,4.74
n,300,2.5,22,7.5431661092530655,1.0,1,4.74
gamma,2.0,3.0,22,6.974425863991081,1.0,1,5.52
n,300,3.0,22,6.974425863991081,1.0,1,5.52
gamma,2.0,3.5,22,6.626755852842809,1.0,1,6.283333333333333
n,300,3.5,22,6.626755852842809,1.0,1,6.283333333333333
gamma,2.0,4.0,22,6.458639910813824,1.0,1,7.033333333333333
n,300,4.0,22,6.458639910813824,1.0,1,7.033333333333333
gamma,2.0,4.5,22,6.3472463768115945,1.0,1,7.723333333333334
n,300,4.5,22,6.3472463768115945,1.0,1,7.723333333333334
gamma,2.0,5.0,22,6.253756967670011,1.0,1,8.286666666666667
n,300,5.0,22,6.253756967670011,1.0,1,8.286666666666667
gamma,2.0,1.5,23,10.363105507631055,0.9166666666666666,0,3.236666666666667
n,300,1.5,23,10.363105507631055,0.9166666666666666,0,3.236666666666667
gamma,2.0,2.0,23,8.278602580616003,0.9933333333333333,0,4.043333333333333
n,300,2.0,23,8.278602580616003,0.9933333333333333,0,4.043333333333333
gamma,2.0,2.5,23,7.225269915377882,0.9966666666666667,0,4.93
n,300,2.5,23,7.225269915377882,0.9966666666666667,0,4.93
gamma,2.0,3.0,23,6.923210702341137,1.0,1,5.706666666666667
n,300,3.0,23,6.923210702341137,1.0,1,5.706666666666667
gamma,2.0,3.5,23,6.726086956521739,1.0,1,6.556666666666667
n,300,3.5,23,6.726086956521739,1.0,1,6.556666666666667
gamma,2.0,4.0,23,6.605841694537347,1.0,1,7.1
n,300,4.0,23,6.605841694537347,1.0,1,7.1
gamma,2.0,4.5,23,6.273779264214046,1.0,1,7.776666666666666
n,300,4.5,23,6.273779264214046,1.0,1,7.776666666666666
gamma,2.0,5.0,23,6.198550724637681,1.0,1,8.416666666666666
n,300,5.0,23,6.198550724637681,1.0,1,8.416666666666666
gamma,2.0,1.5,24,9.800757302560404,0.7866666666666666,0,3.3966666666666665
n,300,1.5,24,9.800757302560404,0.7866666666666666,0,3.3966666666666665
gamma,2.0,2.0,24,8.936930704485183,0.9833333333333333,0,4.166666666666667
n,300,2.0,24,8.936930704485183,0.9833333333333333,0,4.166666666666667
gamma,2.0,2.5,24,8.017176267176268,0.99,0,4.96
n,300,2.5,24,8.017176267176268,0.99,0,4.96
gamma,2.0,3.0,24,7.249409141583055,1.0,1,5.673333333333333
n,300,3.0,24,7.249409141583055,1.0,1,5.673333333333333
gamma,2.0,3.5,24,6.769810479375697,1.0,1,6.57
n,300,3.5,24,6.769810479375697,1.0,1,6.57
gamma,2.0,4.0,24,6.481716833890747,1.0,1,7.1466666666666665
n,300,4.0,24,6.481716833890747,1.0,1,7.1466666666666665
gamma,2.0,4.5,24,6.368651059085842,1.0,1,7.796666666666667
n,300,4.5,24,6.368651059085842,1.0,1,7.796666666666667
gamma,2.0,5.0,24,6.1749163879598665,1.0,1,8.34
n,300,5.0,24,6.1749163879598665,1.0,1,8.34
gamma,2.5,1.5,0,12.79038737446198,0.6833333333333333,0,2.8233333333333333
gamma,2.5,2.0,0,10.151147165679589,0.9466666666666667,0,3.6366666666666667
gamma,2.5,2.5,0,9.24235146236897,0.9966666666666667,0,4.363333333333333
gamma,2.5,3.0,0,8.595070817714529,0.9966666666666667,0,4.876666666666667
gamma,2.5,3.5,0,7.500639716280218,0.9966666666666667,0,5.653333333333333
gamma,2.5,4.0,0,6.914120895153869,0.9966666666666667,0,6.22
gamma,2.5,4.5,0,6.648338907469342,1.0,1,6.866666666666666
gamma,2.5,5.0,0,6.309899665551839,1.0,1,7.503333333333333
gamma,2.5,1.5,1,11.470065403320476,0.8933333333333333,0,2.91
gamma,2.5,2.0,1,9.502618793695936,0.97,0,3.776666666666667
gamma,2.5,2.5,1,8.474965643609712,0.9866666666666667,0,4.59
gamma,2.5,3.0,1,7.595878880384278,0.9966666666666667,0,5.236666666666666
gamma,2.5,3.5,1,7.275392247087607,0.9966666666666667,0,5.883333333333334
gamma,2.5,4.0,1,6.840089186176143,1.0,1,6.46
gamma,2.5,4.5,1,6.728115942028985,1.0,1,7.0633333333333335
gamma,2.5,5.0,1,6.610880713489409,1.0,1,7.67
gamma,2.5,1.5,2,12.537401655048713,0.74,0,2.7
gamma,2.5,2.0,2,10.975195536171146,0.9566666666666667,0,3.3966666666666665
gamma,2.5,2.5,2,9.732913421896473,0.9866666666666667,0,3.933333333333333
gamma,2.5,3.0,2,8.079055464523805,0.9966666666666667,0,4.696666666666666
gamma,2.5,3.5,2,7.343210702341137,1.0,1,5.413333333333333
gamma,2.5,4.0,2,7.016744704570791,1.0,1,5.983333333333333
gamma,2.5,4.5,2,6.890122630992196,1.0,1,6.466666666666667
gamma,2.5,5.0,2,6.7038127090301005,1.0,1,7.083333333333333
gamma,2.5,1.5,3,9.00909090909091,0.4033333333333333,0,3.1133333333333333
gamma,2.5,2.0,3,10.657697882088923,0.9766666666666667,0,3.91
gamma,2.5,2.5,3,8.099450297755382,0.9866666666666667,0,4.663333333333333
gamma,2.5,3.0,3,7.323539314493502,0.9966666666666667,0,5.35
gamma,2.5,3.5,3,6.973468609009899,0.9966666666666667,0,5.986666666666666
gamma,2.5,4.0,3,6.828115942028986,1.0,1,6.6466666666666665
gamma,2.5,4.5,3,6.677547380156076,1.0,1,7.176666666666667
gamma,2.5,5.0,3,6.458595317725752,1.0,1,7.7
gamma,2.5,1.5,4,10.603320158102767,0.92,0,3.01
gamma,2.5,2.0,4,8.60762541493291,0.9766666666666667,0,3.81
gamma,2.5,2.5,4,7.601202178383386,0.9933333333333333,0,4.596666666666667
gamma,2.5,3.0,4,7.1561872909699,1.0,1,5.413333333333333
gamma,2.5,3.5,4,6.698082497212932,1.0,1,6.036666666666667
gamma,2.5,4.0,4,6.494581939799331,1.0,1,6.6433333333333335
gamma,2.5,4.5,4,6.293355629877369,1.0,1,7.23
gamma,2.5,5.0,4,6.144347826086957,1.0,1,7.87
gamma,2.5,1.5,5,8.374499225468725,0.6466666666666666,0,2.973333333333333
gamma,2.5,2.0,5,9.477158999192897,0.9833333333333333,0,3.87
gamma,2.5,2.5,5,8.692716445258817,0.9866666666666667,0,4.773333333333333
gamma,2.5,3.0,5,8.031122031122031,0.99,0,5.413333333333333
gamma,2.5,3.5,5,7.142589202991887,0.9933333333333333,0,6.196666666666666
gamma,2.5,4.0,5,6.703166109253066,1.0,1,7.013333333333334
gamma,2.5,4.5,5,6.655540691192865,1.0,1,7.5633333333333335
gamma,2.5,5.0,5,6.388539576365663,1.0,1,8.186666666666667
gamma,2.5,1.5,6,15.170272446302885,0.9266666666666666,0,2.9066666666666667
gamma,2.5,2.0,6,10.013387423935091,0.9666666666666667,0,3.6033333333333335
gamma,2.5,2.5,6,8.14027664027664,0.99,0,4.3966666666666665
gamma,2.5,3.0,6,7.913181027274987,0.9933333333333333,0,4.96
gamma,2.5,3.5,6,7.277123745819398,1.0,1,5.583333333333333
gamma,2.5,4.0,6,6.940289855072463,1.0,1,6.216666666666667
gamma,2.5,4.5,6,6.746622073578595,1.0,1,6.736666666666666
gamma,2.5,5.0,6,6.6441248606466,1.0,1,7.276666666666666
gamma,2.5,1.5,7,11.190613764766308,0.59,0,2.8633333333333333
gamma,2.5,2.0,7,12.284611401402815,0.9733333333333334,0,3.77
gamma,2.5,2.5,7,8.689075441628695,0.9966666666666667,0,4.526666666666666
gamma,2.5,3.0,7,7.820312151616499,1.0,1,5.263333333333334
gamma,2.5,3.5,7,7.436387959866221,1.0,1,6.03
gamma,2.5,4.0,7,7.130769230769231,1.0,1,6.613333333333333
gamma,2.5,4.5,7,7.014983277591973,1.0,1,7.166666666666667
gamma,2.5,5.0,7,6.854849498327759,1.0,1,7.67
gamma,2.5,1.5,8,10.660091224513664,0.7566666666666667,0,3.05
gamma,2.5,2.0,8,9.07743610769441,0.9033333333333333,0,3.8033333333333332
gamma,2.5,2.5,8,8.524805313788365,0.9866666666666667,0,4.613333333333333
gamma,2.5,3.0,8,7.7849498327759195,1.0,1,5.513333333333334
gamma,2.5,3.5,8,7.116209587513936,1.0,1,6.173333333333333
gamma,2.5,4.0,8,6.843411371237458,1.0,1,6.796666666666667
gamma,2.5,4.5,8,6.672419175027871,1.0,1,7.386666666666667
gamma,2.5,5.0,8,6.571460423634337,1.0,1,7.9
gamma,2.5,1.5,9,9.940179374800453,0.8766666666666667,0,2.98
gamma,2.5,2.0,9,8.568621757646149,0.96,0,3.75
gamma,2.5,2.5,9,7.7303911599213615,0.9933333333333333,0,4.546666666666667
gamma,2.5,3.0,9,7.500639716280218,0.9966666666666667,0,5.296666666666667
gamma,2.5,3.5,9,6.993578595317726,1.0,1,6.126666666666667
gamma,2.5,4.0,9,6.740289855072464,1.0,1,6.74
gamma,2.5,4.5,9,6.465507246376812,1.0,1,7.453333333333333
gamma,2.5,5.0,9,6.2845930880713485,1.0,1,8.056666666666667
gamma,2.5,1.5,10,14.597875490221542,0.9266666666666666,0,3.15
gamma,2.5,2.0,10,9.727940255118662,0.9433333333333334,0,3.9466666666666668
gamma,2.5,2.5,10,8.250984883188273,0.9866666666666667,0,4.6866666666666665
gamma,2.5,3.0,10,7.545886287625418,1.0,1,5.5
gamma,2.5,3.5,10,7.234336677814938,1.0,1,6.1466666666666665
gamma,2.5,4.0,10,6.764102564102564,1.0,1,6.91
gamma,2.5,4.5,10,6.607469342251951,1.0,1,7.536666666666667
gamma,2.5,5.0,10,6.3766778149386845,1.0,1,8.04
gamma,2.5,1.5,11,11.551061128242337,0.49666666666666665,0,2.86
gamma,2.5,2.0,11,11.80179664559797,0.9466666666666667,0,3.6666666666666665
gamma,2.5,2.5,11,9.08813559322034,0.9833333333333333,0,4.43
gamma,2.5,3.0,11,7.650580233889251,0.9966666666666667,0,5.05
gamma,2.5,3.5,11,7.1007357859531774,1.0,1,5.676666666666667
gamma,2.5,4.0,11,6.601583054626533,1.0,1,6.246666666666667
gamma,2.5,4.5,11,6.489810479375697,1.0,1,6.826666666666667
gamma,2.5,5.0,11,6.298416945373467,1.0,1,7.456666666666667
gamma,2.5,1.5,12,9.83722706120988,0.9666666666666667,0,3.08
gamma,2.5,2.0,12,8.10942054745823,0.97,0,3.8833333333333333
gamma,2.5,2.5,12,7.710590858416945,1.0,1,4.66
gamma,2.5,3.0,12,7.322497212931996,1.0,1,5.323333333333333
gamma,2.5,3.5,12,7.081939799331104,1.0,1,5.8533333333333335
gamma,2.5,4.0,12,6.636521739130435,1.0,1,6.45
gamma,2.5,4.5,12,6.515942028985507,1.0,1,7.086666666666667
gamma,2.5,5.0,12,6.419687848383501,1.0,1,7.6466666666666665
gamma,2.5,1.5,13,9.828869223205507,0.7533333333333333,0,3.0633333333333335
gamma,2.5,2.0,13,10.560481775246876,0.9933333333333333,0,3.8466666666666667
gamma,2.5,2.5,13,8.666064659977703,1.0,1,4.53
gamma,2.5,3.0,13,8.363411371237458,1.0,1,5.18
gamma,2.5,3.5,13,7.941426978818283,1.0,1,5.973333333333334
gamma,2.5,4.0,13,7.4110144927536235,1.0,1,6.663333333333333
gamma,2.5,4.5,13,6.993823857302118,1.0,1,7.243333333333333
gamma,2.5,5.0,13,6.8186176142697885,1.0,1,7.766666666666667
gamma,2.5,1.5,14,6.823302938196555,0.47,0,2.973333333333333
gamma,2.5,2.0,14,11.333819764464925,0.9333333333333333,0,3.83
gamma,2.5,2.5,14,8.478995774297788,0.9933333333333333,0,4.58
gamma,2.5,3.0,14,7.801459788036969,0.9933333333333333,0,5.21
gamma,2.5,3.5,14,7.118650535341518,0.9966666666666667,0,5.913333333333333
gamma,2.5,4.0,14,6.719894054005522,0.9966666666666667,0,6.6866666666666665
gamma,2.5,4.5,14,6.4665664070391236,0.9966666666666667,0,7.346666666666667
gamma,2.5,5.0,14,6.397369007803791,1.0,1,7.886666666666667
gamma,2.5,1.5,15,15.541191381495564,0.88,0,3.0933333333333333
gamma,2.5,2.0,15,10.53858403858404,0.99,0,3.88
gamma,2.5,2.5,15,9.329565217391304,1.0,1,4.6433333333333335
gamma,2.5,3.0,15,7.594671125975474,1.0,1,5.343333333333334
gamma,2.5,3.5,15,7.087513935340023,1.0,1,5.94
gamma,2.5,4.0,15,6.822586399108138,1.0,1,6.56
gamma,2.5,4.5,15,6.599197324414716,1.0,1,7.173333333333333
gamma,2.5,5.0,15,6.418372352285396,1.0,1,7.78
gamma,2.5,1.5,16,10.082713212852783,0.8066666666666666,0,3.1066666666666665
gamma,2.5,2.0,16,9.74033799369204,0.9733333333333334,0,3.953333333333333
gamma,2.5,2.5,16,9.231768208886853,0.9866666666666667,0,4.84
gamma,2.5,3.0,16,7.77394446813764,0.9966666666666667,0,5.543333333333333
gamma,2.5,3.5,16,7.37895894592714,0.9966666666666667,0,6.126666666666667
gamma,2.5,4.0,16,7.034095755426366,0.9966666666666667,0,6.87
gamma,2.5,4.5,16,6.943390720747009,0.9966666666666667,0,7.556666666666667
gamma,2.5,5.0,16,6.714358974358975,1.0,1,7.983333333333333
gamma,2.5,1.5,17,14.361718352821555,0.9366666666666666,0,2.86
gamma,2.5,2.0,17,10.034105352351363,0.9733333333333334,0,3.66
gamma,2.5,2.5,17,8.994033108123796,0.98,0,4.45
gamma,2.5,3.0,17,8.204374713696748,0.9866666666666667,0,5.123333333333333
gamma,2.5,3.5,17,7.564544205222171,0.9866666666666667,0,5.783333333333333
gamma,2.5,4.0,17,7.132249198350893,0.9866666666666667,0,6.506666666666667
gamma,2.5,4.5,17,7.026500229042602,0.9866666666666667,0,7.19
gamma,2.5,5.0,17,6.847755382501145,0.9866666666666667,0,7.72
gamma,2.5,1.5,18,10.320095513384441,0.73,0,3.05
gamma,2.5,2.0,18,10.308890203035679,0.89,0,3.736666666666667
gamma,2.5,2.5,18,8.93425764614789,0.96,0,4.516666666666667
gamma,2.5,3.0,18,7.7674507942964315,0.9933333333333333,0,5.303333333333334
gamma,2.5,3.5,18,7.2193749576299915,0.9933333333333333,0,5.953333333333333
gamma,2.5,4.0,18,6.9938946376063384,0.9966666666666667,0,6.5633333333333335
gamma,2.5,4.5,18,6.626854616058001,0.9966666666666667,0,7.213333333333333
gamma,2.5,5.0,18,6.427712060335346,0.9966666666666667,0,7.89
gamma,2.5,1.5,19,9.957509018416555,0.7666666666666667,0,3.006666666666667
gamma,2.5,2.0,19,9.80522610666985,0.9666666666666667,0,3.8866666666666667
gamma,2.5,2.5,19,7.8855759252853685,0.9833333333333333,0,4.52
gamma,2.5,3.0,19,7.267132050907948,0.9966666666666667,0,5.183333333333334
gamma,2.5,3.5,19,7.051192865105908,1.0,1,5.74
gamma,2.5,4.0,19,6.7268896321070235,1.0,1,6.37
gamma,2.5,4.5,19,6.518238573021182,1.0,1,6.96
gamma,2.5,5.0,19,6.2788628762541805,1.0,1,7.616666666666666
gamma,2.5,1.5,20,13.417724255056353,0.85,0,2.74
gamma,2.5,2.0,20,10.004901960784315,0.91,0,3.4766666666666666
gamma,2.5,2.5,20,8.948170731707316,0.96,0,4.23
gamma,2.5,3.0,20,8.00422558101739,0.98,0,4.876666666666667
gamma,2.5,3.5,20,7.490314471055644,0.9966666666666667,0,5.52
gamma,2.5,4.0,20,7.1592107921258785,0.9966666666666667,0,6.07
gamma,2.5,4.5,20,6.816566332218506,1.0,1,6.83
gamma,2.5,5.0,20,6.710055741360089,1.0,1,7.433333333333334
gamma,2.5,1.5,21,15.027124414810611,0.8866666666666667,0,2.8133333333333335
gamma,2.5,2.0,21,9.148707947342759,0.98,0,3.5533333333333332
gamma,2.5,2.5,21,7.9862156237995165,0.9933333333333333,0,4.5
gamma,2.5,3.0,21,7.24923076923077,1.0,1,5.29
gamma,2.5,3.5,21,6.911571906354515,1.0,1,6.006666666666667
gamma,2.5,4.0,21,6.770345596432553,1.0,1,6.65
gamma,2.5,4.5,21,6.638996655518395,1.0,1,7.263333333333334
gamma,2.5,5.0,21,6.484615384615385,1.0,1,7.803333333333334
gamma,2.5,1.5,22,10.2739898989899,0.48,0,2.8466666666666667
gamma,2.5,2.0,22,11.385827704704349,0.97,0,3.5866666666666664
gamma,2.5,2.5,22,8.668850206138341,0.9866666666666667,0,4.343333333333334
gamma,2.5,3.0,22,7.831817168338907,1.0,1,4.96
gamma,2.5,3.5,22,7.347045707915274,1.0,1,5.616666666666666
gamma,2.5,4.0,22,6.949319955406912,1.0,1,6.24
gamma,2.5,4.5,22,6.59917502787068,1.0,1,6.823333333333333
gamma,2.5,5.0,22,6.412218506131549,1.0,1,7.46
gamma,2.5,1.5,23,9.449566117347345,0.53,0,2.8666666666666667
gamma,2.5,2.0,23,9.60798851386339,0.9733333333333334,0,3.6233333333333335
gamma,2.5,2.5,23,8.596260465533883,0.9966666666666667,0,4.43
gamma,2.5,3.0,23,7.513905411775268,0.9966666666666667,0,5.153333333333333
gamma,2.5,3.5,23,7.070033444816054,1.0,1,5.656666666666666
gamma,2.5,4.0,23,6.729030100334448,1.0,1,6.29
gamma,2.5,4.5,23,6.625641025641026,1.0,1,6.8966666666666665
gamma,2.5,5.0,23,6.501248606465998,1.0,1,7.486666666666666
gamma,2.5,1.5,24,10.73544137022398,0.92,0,2.9833333333333334
gamma,2.5,2.0,24,9.541963966113828,0.9666666666666667,0,3.76
gamma,2.5,2.5,24,8.030809337599242,0.97,0,4.553333333333334
gamma,2.5,3.0,24,7.8700277738549165,0.9733333333333334,0,5.11
gamma,2.5,3.5,24,7.462234962234962,0.99,0,5.883333333333334
gamma,2.5,4.0,24,7.132018382018382,0.99,0,6.403333333333333
gamma,2.5,4.5,24,6.911102072175898,0.9933333333333333,0,6.916666666666667
gamma,2.5,5.0,24,6.78444928284438,0.9966666666666667,0,7.45
gamma,3.0,1.5,0,10.11173030615755,0.57,0,2.72
gamma,3.0,2.0,0,9.834840711132323,0.9666666666666667,0,3.44
gamma,3.0,2.5,0,8.80649143678032,0.9966666666666667,0,4.13
gamma,3.0,3.0,0,8.118885172798215,1.0,1,4.77
gamma,3.0,3.5,0,7.854314381270903,1.0,1,5.45
gamma,3.0,4.0,0,7.509632107023411,1.0,1,6.016666666666667
gamma,3.0,4.5,0,7.430903010033445,1.0,1,6.453333333333333
gamma,3.0,5.0,0,7.015897435897436,1.0,1,7.016666666666667
gamma,3.0,1.5,1,8.700669257340241,0.6433333333333333,0,2.74
gamma,3.0,2.0,1,9.04125366682106,0.85,0,3.46
gamma,3.0,2.5,1,8.21588082547492,0.9033333333333333,0,4.243333333333333
gamma,3.0,3.0,1,7.530746934225195,1.0,1,4.863333333333333
gamma,3.0,3.5,1,7.25469342251951,1.0,1,5.426666666666667
gamma,3.0,4.0,1,7.021070234113712,1.0,1,5.9
gamma,3.0,4.5,1,6.765574136008919,1.0,1,6.503333333333333
gamma,3.0,5.0,1,6.614626532887402,1.0,1,7.02
gamma,3.0,1.5,2,7.696,0.4166666666666667,0,2.68
gamma,3.0,2.0,2,9.064576074332171,0.82,0,3.3566666666666665
gamma,3.0,2.5,2,9.142487402656894,0.9866666666666667,0,3.96
gamma,3.0,3.0,2,8.255304725103382,0.9933333333333333,0,4.78
gamma,3.0,3.5,2,7.96849931078119,0.9933333333333333,0,5.476666666666667
gamma,3.0,4.0,2,7.315345852258604,0.9933333333333333,0,6.036666666666667
gamma,3.0,4.5,2,7.078118997582084,0.9933333333333333,0,6.58
gamma,3.0,5.0,2,6.7795629674824305,0.9933333333333333,0,7.133333333333334
gamma,3.0,1.5,3,14.269710924929257,0.8966666666666666,0,2.716666666666667
gamma,3.0,2.0,3,10.41404227274867,0.9733333333333334,0,3.4466666666666668
gamma,3.0,2.5,3,8.78737975263399,0.9866666666666667,0,4.223333333333334
gamma,3.0,3.0,3,7.888734259612579,0.9966666666666667,0,4.913333333333333
gamma,3.0,3.5,3,7.579291149469148,0.9966666666666667,0,5.3933333333333335
gamma,3.0,4.0,3,7.194358974358974,1.0,1,5.98
gamma,3.0,4.5,3,6.901583054626533,1.0,1,6.57
gamma,3.0,5.0,3,6.637971014492754,1.0,1,7.1033333333333335
gamma,3.0,1.5,4,14.60054630959421,0.89,0,2.68
gamma,3.0,2.0,4,10.719205693525108,0.9466666666666667,0,3.38
gamma,3.0,2.5,4,9.765588831881637,0.9666666666666667,0,4.083333333333333
gamma,3.0,3.0,4,8.553859621557317,0.9966666666666667,0,4.74
gamma,3.0,3.5,4,8.127606563264573,0.9966666666666667,0,5.293333333333333
gamma,3.0,4.0,4,7.776301317591075,0.9966666666666667,0,5.743333333333333
gamma,3.0,4.5,4,7.460267558528428,1.0,1,6.276666666666666
gamma,3.0,5.0,4,7.269141583054626,1.0,1,6.776666666666666
gamma,3.0,1.5,5,12.136237988679742,0.7133333333333334,0,2.87
gamma,3.0,2.0,5,10.763655888318816,0.9666666666666667,0,3.5766666666666667
gamma,3.0,2.5,5,9.155200655200655,0.99,0,4.216666666666667
gamma,3.0,3.0,5,8.586609336609337,0.99,0,4.773333333333333
gamma,3.0,3.5,5,7.901685708513838,0.9966666666666667,0,5.32
gamma,3.0,4.0,5,7.374133016093915,0.9966666666666667,0,5.903333333333333
gamma,3.0,4.5,5,6.994792485017172,0.9966666666666667,0,6.3566666666666665
gamma,3.0,5.0,5,6.789589459271397,0.9966666666666667,0,6.803333333333334
gamma,3.0,1.5,6,12.169638202481494,0.4633333333333333,0,2.6933333333333334
gamma,3.0,2.0,6,12.250757666149624,0.9666666666666667,0,3.4466666666666668
gamma,3.0,2.5,6,10.277517908390392,0.9933333333333333,0,4.1
gamma,3.0,3.0,6,8.54746934225195,1.0,1,4.806666666666667
gamma,3.0,3.5,6,7.880691192865106,1.0,1,5.44
gamma,3.0,4.0,6,7.437346711259755,1.0,1,6.003333333333333
gamma,3.0,4.5,6,7.192196209587514,1.0,1,6.566666666666666
gamma,3.0,5.0,6,6.832084726867335,1.0,1,7.126666666666667
gamma,3.0,1.5,7,7.537894736842105,0.25333333333333335,0,2.6166666666666667
gamma,3.0,2.0,7,10.01578593819973,0.7733333333333333,0,3.2
gamma,3.0,2.5,7,8.863526717185254,0.9566666666666667,0,3.98
gamma,3.0,3.0,7,8.45972928420515,0.98,0,4.586666666666667
gamma,3.0,3.5,7,7.959554069119286,1.0,1,5.3133333333333335
gamma,3.0,4.0,7,7.337056856187291,1.0,1,5.82
gamma,3.0,4.5,7,7.035451505016723,1.0,1,6.413333333333333
gamma,3.0,5.0,7,6.838082497212932,1.0,1,6.946666666666666
gamma,3.0,1.5,8,10.147301587301587,0.42,0,2.8366666666666664
gamma,3.0,2.0,8,11.761029411764707,0.9633333333333334,0,3.6366666666666667
gamma,3.0,2.5,8,8.845596196394107,0.9733333333333334,0,4.326666666666667
gamma,3.0,3.0,8,8.305840586349062,0.9866666666666667,0,4.946666666666666
gamma,3.0,3.5,8,7.630827590850935,0.9966666666666667,0,5.593333333333334
gamma,3.0,4.0,8,7.452896680209198,0.9966666666666667,0,6.093333333333334
gamma,3.0,4.5,8,7.290880713489409,1.0,1,6.6033333333333335
gamma,3.0,5.0,8,6.902853957636566,1.0,1,7.123333333333333
gamma,3.0,1.5,9,9.869172932330827,0.6333333333333333,0,2.6733333333333333
gamma,3.0,2.0,9,11.185498711814502,0.9533333333333334,0,3.48
gamma,3.0,2.5,9,9.511980417078567,0.9733333333333334,0,4.17
gamma,3.0,3.0,9,8.881409169999774,0.9933333333333333,0,4.76
gamma,3.0,3.5,9,7.679004813233001,0.9933333333333333,0,5.376666666666667
gamma,3.0,4.0,9,7.291306592444614,0.9966666666666667,0,6.023333333333333
gamma,3.0,4.5,9,7.108168166820049,0.9966666666666667,0,6.49
gamma,3.0,5.0,9,6.938205651949451,0.9966666666666667,0,7.05
gamma,3.0,1.5,10,14.775687235678586,0.9633333333333334,0,2.953333333333333
gamma,3.0,2.0,10,9.456683956683957,0.99,0,3.6866666666666665
gamma,3.0,2.5,10,8.512356624991583,0.9966666666666667,0,4.41
gamma,3.0,3.0,10,8.046243032329988,1.0,1,4.986666666666666
gamma,3.0,3.5,10,7.534738015607581,1.0,1,5.52
gamma,3.0,4.0,10,7.189765886287625,1.0,1,6.096666666666667
gamma,3.0,4.5,10,7.105975473801561,1.0,1,6.566666666666666
gamma,3.0,5.0,10,6.803121516164994,1.0,1,7.166666666666667
gamma,3.0,1.5,11,14.080807083374477,0.8233333333333334,0,2.9133333333333336
gamma,3.0,2.0,11,11.241055077217439,0.9033333333333333,0,3.5366666666666666
gamma,3.0,2.5,11,8.605398110661268,0.9533333333333334,0,4.22
gamma,3.0,3.0,11,8.402074435631482,0.9933333333333333,0,4.9366666666666665
gamma,3.0,3.5,11,8.106933626630154,0.9966666666666667,0,5.656666666666666
gamma,3.0,4.0,11,7.651638795986622,1.0,1,6.256666666666667
gamma,3.0,4.5,11,7.3593979933110365,1.0,1,6.78
gamma,3.0,5.0,11,7.120423634336678,1.0,1,7.413333333333333
gamma,3.0,1.5,12,11.024105306458248,0.7366666666666667,0,2.8333333333333335
gamma,3.0,2.0,12,10.987521620953792,0.95,0,3.5533333333333332
gamma,3.0,2.5,12,9.740471827759963,0.9866666666666667,0,4.3133333333333335
gamma,3.0,3.0,12,9.336378532468407,0.9966666666666667,0,5.02
gamma,3.0,3.5,12,8.450189520624303,1.0,1,5.68
gamma,3.0,4.0,12,7.97139353400223,1.0,1,6.293333333333333
gamma,3.0,4.5,12,7.720044593088072,1.0,1,6.883333333333334
gamma,3.0,5.0,12,7.598550724637681,1.0,1,7.4366666666666665
gamma,3.0,1.5,13,10.689177489177489,0.77,0,2.9133333333333336
gamma,3.0,2.0,13,8.970887805884324,0.93,0,3.6633333333333336
gamma,3.0,2.5,13,8.414171194659,0.9566666666666667,0,4.46
gamma,3.0,3.0,13,7.833696213328545,0.9966666666666667,0,5.033333333333333
gamma,3.0,3.5,13,7.406949338959844,0.9966666666666667,0,5.616666666666666
gamma,3.0,4.0,13,7.108908890933986,0.9966666666666667,0,6.256666666666667
gamma,3.0,4.5,13,6.9135821867073695,0.9966666666666667,0,6.863333333333333
gamma,3.0,5.0,13,6.7986352719355345,0.9966666666666667,0,7.426666666666667
gamma,3.0,1.5,14,13.771794297656367,0.7733333333333333,0,2.8633333333333333
gamma,3.0,2.0,14,10.18955671699574,0.96,0,3.54
gamma,3.0,2.5,14,8.528982221691923,0.9666666666666667,0,4.236666666666666
gamma,3.0,3.0,14,8.374938684503903,1.0,1,4.8933333333333335
gamma,3.0,3.5,14,7.589609810479375,1.0,1,5.546666666666667
gamma,3.0,4.0,14,7.3191973244147155,1.0,1,6.126666666666667
gamma,3.0,4.5,14,7.093979933110368,1.0,1,6.623333333333333
gamma,3.0,5.0,14,6.769520624303233,1.0,1,7.173333333333333
gamma,3.0,1.5,15,16.304083670865005,0.8966666666666666,0,2.8
gamma,3.0,2.0,15,9.696646185355863,0.9333333333333333,0,3.56
gamma,3.0,2.5,15,8.977747031015797,0.9833333333333333,0,4.22
gamma,3.0,3.0,15,8.403567447045708,1.0,1,4.883333333333334
gamma,3.0,3.5,15,8.29402452619844,1.0,1,5.413333333333333
gamma,3.0,4.0,15,7.69536231884058,1.0,1,6.09
gamma,3.0,4.5,15,7.5545596432552955,1.0,1,6.59
gamma,3.0,5.0,15,7.499286510590858,1.0,1,7.15
gamma,3.0,1.5,16,12.03695652173913,0.5366666666666666,0,2.513333333333333
gamma,3.0,2.0,16,9.747710683477107,0.9166666666666666,0,3.38
gamma,3.0,2.5,16,8.64434049668949,0.9933333333333333,0,4.073333333333333
gamma,3.0,3.0,16,8.015919732441471,1.0,1,4.703333333333333
gamma,3.0,3.5,16,7.572597547380156,1.0,1,5.466666666666667
gamma,3.0,4.0,16,7.2559643255295425,1.0,1,6.01
gamma,3.0,4.5,16,7.121694537346711,1.0,1,6.55
gamma,3.0,5.0,16,6.795384615384616,1.0,1,7.066666666666666
gamma,3.0,1.5,17,9.942838477870325,0.5233333333333333,0,2.85
gamma,3.0,2.0,17,10.081284390889461,0.98,0,3.5866666666666664
gamma,3.0,2.5,17,8.973181136861525,0.9833333333333333,0,4.226666666666667
gamma,3.0,3.0,17,8.215117056856187,1.0,1,4.796666666666667
gamma,3.0,3.5,17,7.4683166109253065,1.0,1,5.4
gamma,3.0,4.0,17,7.190769230769231,1.0,1,6.01
gamma,3.0,4.5,17,6.914269788182832,1.0,1,6.616666666666666
gamma,3.0,5.0,17,6.769163879598662,1.0,1,7.153333333333333
gamma,3.0,1.5,18,9.38418284055868,0.49666666666666665,0,2.51
gamma,3.0,2.0,18,13.755760368663594,0.9333333333333333,0,3.4
gamma,3.0,2.5,18,9.708374523372404,0.9733333333333334,0,4.113333333333333
gamma,3.0,3.0,18,8.481298798447801,0.9766666666666667,0,4.8
gamma,3.0,3.5,18,7.747858187643658,0.98,0,5.57
gamma,3.0,4.0,18,7.2311067771818625,0.98,0,6.006666666666667
gamma,3.0,4.5,18,6.914914914914915,0.99,0,6.523333333333333
gamma,3.0,5.0,18,6.742173992173992,0.99,0,7.08
gamma,3.0,1.5,19,13.96253847975373,0.6866666666666666,0,2.77
gamma,3.0,2.0,19,10.129083829710424,0.93,0,3.493333333333333
gamma,3.0,2.5,19,9.425928541166503,0.9733333333333334,0,4.066666666666666
gamma,3.0,3.0,19,8.064402413395703,0.9933333333333333,0,4.74
gamma,3.0,3.5,19,7.634113712374582,1.0,1,5.433333333333334
gamma,3.0,4.0,19,7.142675585284281,1.0,1,6.086666666666667
gamma,3.0,4.5,19,6.616053511705686,1.0,1,6.716666666666667
gamma,3.0,5.0,19,6.385061315496098,1.0,1,7.236666666666666
gamma,3.0,1.5,20,12.618863049095607,0.5733333333333334,0,2.77
gamma,3.0,2.0,20,9.180336435574578,0.9466666666666667,0,3.506666666666667
gamma,3.0,2.5,20,8.213536261962412,0.9833333333333333,0,4.226666666666667
gamma,3.0,3.0,20,7.863692856981448,0.9933333333333333,0,4.8
gamma,3.0,3.5,20,7.405034686913882,0.9933333333333333,0,5.513333333333334
gamma,3.0,4.0,20,7.157232278037647,0.9933333333333333,0,6.096666666666667
gamma,3.0,4.5,20,6.908910130386641,0.9933333333333333,0,6.656666666666666
gamma,3.0,5.0,20,6.716290420988408,0.9933333333333333,0,7.29
gamma,3.0,1.5,21,16.03396748296566,0.8133333333333334,0,2.6866666666666665
gamma,3.0,2.0,21,10.179460245636717,0.91,0,3.5166666666666666
gamma,3.0,2.5,21,8.88659793814433,0.9733333333333334,0,4.34
gamma,3.0,3.0,21,8.560278680035777,0.9733333333333334,0,4.846666666666667
gamma,3.0,3.5,21,8.358484170564708,0.9933333333333333,0,5.44
gamma,3.0,4.0,21,7.940958751393534,1.0,1,5.943333333333333
gamma,3.0,4.5,21,7.3131772575250835,1.0,1,6.45
gamma,3.0,5.0,21,7.162207357859532,1.0,1,6.926666666666667
gamma,3.0,1.5,22,12.541425148775021,0.76,0,2.78
gamma,3.0,2.0,22,10.34180216802168,0.96,0,3.6266666666666665
gamma,3.0,2.5,22,8.377168338907468,1.0,1,4.306666666666667
gamma,3.0,3.0,22,7.602943143812709,1.0,1,4.996666666666667
gamma,3.0,3.5,22,7.366532887402452,1.0,1,5.423333333333333
gamma,3.0,4.0,22,7.0718394648829435,1.0,1,6.0
gamma,3.0,4.5,22,6.7212040133779265,1.0,1,6.566666666666666
gamma,3.0,5.0,22,6.5836343366778145,1.0,1,7.136666666666667
gamma,3.0,1.5,23,12.33960731211916,0.7033333333333334,0,2.62
gamma,3.0,2.0,23,12.91925231631114,0.91,0,3.31
gamma,3.0,2.5,23,10.153952806990008,0.9233333333333333,0,4.016666666666667
gamma,3.0,3.0,23,8.494296133526579,0.9766666666666667,0,4.72
gamma,3.0,3.5,23,7.913754663754664,0.99,0,5.406666666666666
gamma,3.0,4.0,23,7.437755937755938,0.99,0,5.956666666666667
gamma,3.0,4.5,23,7.096960596960597,0.99,0,6.513333333333334
gamma,3.0,5.0,23,6.814782608695652,1.0,1,7.083333333333333
gamma,3.0,1.5,24,13.796239043824702,0.8366666666666667,0,2.9433333333333334
gamma,3.0,2.0,24,11.629019697663766,0.9866666666666667,0,3.75
gamma,3.0,2.5,24,9.428860678860678,0.99,0,4.583333333333333
gamma,3.0,3.0,24,8.10756332903984,0.9933333333333333,0,5.213333333333333
gamma,3.0,3.5,24,7.707179487179487,1.0,1,5.91
gamma,3.0,4.0,24,7.377591973244147,1.0,1,6.523333333333333
gamma,3.0,4.5,24,7.0378149386845035,1.0,1,7.15
gamma,3.0,5.0,24,6.726778149386845,1.0,1,7.79
n,200,1.5,0,6.6234129947722185,0.52,0,3.345
n,200,2.0,0,8.629441624365482,0.99,0,4.12
n,200,2.5,0,7.19663976447896,0.995,0,4.7
n,200,3.0,0,5.946934673366834,1.0,1,5.485
n,200,3.5,0,5.775979899497488,1.0,1,6.145
n,200,4.0,0,5.622663316582915,1.0,1,6.8
n,200,4.5,0,5.508743718592965,1.0,1,7.52
n,200,5.0,0,5.435577889447236,1.0,1,7.905
n,200,1.5,1,10.280465239228127,0.975,0,3.185
n,200,2.0,1,6.850740911654618,0.99,0,4.06
n,200,2.5,1,6.0374814131159305,0.99,0,4.915
n,200,3.0,1,5.660703517587939,1.0,1,5.815
n,200,3.5,1,5.557889447236181,1.0,1,6.51
n,200,4.0,1,5.356180904522613,1.0,1,7.265
n,200,4.5,1,5.190251256281407,1.0,1,7.855
n,200,5.0,1,5.061758793969849,1.0,1,8.55
n,200,1.5,2,10.833071781458878,0.93,0,3.18
n,200,2.0,2,7.305974316024567,0.995,0,3.985
n,200,2.5,2,6.677286432160804,1.0,1,4.76
n,200,3.0,2,6.179597989949749,1.0,1,5.575
n,200,3.5,2,5.951457286432161,1.0,1,6.15
n,200,4.0,2,5.743417085427136,1.0,1,6.925
n,200,4.5,2,5.494572864321608,1.0,1,7.41
n,200,5.0,2,5.4008040201005025,1.0,1,8.055
n,200,1.5,3,9.230239303843364,0.985,0,3.37
n,200,2.0,3,7.0722298360489315,0.995,0,4.29
n,200,2.5,3,5.788944723618091,1.0,1,5.205
n,200,3.0,3,5.370100502512563,1.0,1,5.965
n,200,3.5,3,5.273417085427136,1.0,1,6.805
n,200,4.0,3,5.154874371859297,1.0,1,7.515
n,200,4.5,3,5.096130653266331,1.0,1,7.93
n,200,5.0,3,5.035628140703517,1.0,1,8.52
n,200,1.5,4,11.005007704160246,0.885,0,3.035
n,200,2.0,4,7.4857112333742855,0.97,0,4.05
n,200,2.5,4,6.695185766614338,0.98,0,4.655
n,200,3.0,4,6.039298796441654,0.98,0,5.12
n,200,3.5,4,5.780502512562814,1.0,1,5.805
n,200,4.0,4,5.667236180904522,1.0,1,6.505
n,200,4.5,4,5.620954773869347,1.0,1,7.04
n,200,5.0,4,5.3022110552763815,1.0,1,7.675
n,200,1.5,5,7.885793087920748,0.945,0,3.0
n,200,2.0,5,6.772855458134646,0.99,0,3.9
n,200,2.5,5,6.672010050251257,1.0,1,4.575
n,200,3.0,5,6.280301507537688,1.0,1,5.27
n,200,3.5,5,5.933266331658292,1.0,1,5.875
n,200,4.0,5,5.744020100502513,1.0,1,6.515
n,200,4.5,5,5.422060301507537,1.0,1,7.03
n,200,5.0,5,5.2728140703517585,1.0,1,7.7
n,200,1.5,6,9.113983420593367,0.96,0,2.96
n,200,2.0,6,6.974773869346734,1.0,1,3.725
n,200,2.5,6,5.870100502512563,1.0,1,4.665
n,200,3.0,6,5.545829145728643,1.0,1,5.555
n,200,3.5,6,5.392713567839196,1.0,1,6.26
n,200,4.0,6,5.288592964824121,1.0,1,6.99
n,200,4.5,6,5.134170854271357,1.0,1,7.62
n,200,5.0,6,5.07678391959799,1.0,1,8.12
n,200,1.5,7,9.165224579774042,0.955,0,2.85
n,200,2.0,7,7.203770848440899,0.985,0,3.835
n,200,2.5,7,6.232220683997333,0.99,0,4.73
n,200,3.0,7,5.996030150753769,1.0,1,5.505
n,200,3.5,7,5.605427135678392,1.0,1,6.2
n,200,4.0,7,5.38391959798995,1.0,1,6.985
n,200,4.5,7,5.222211055276382,1.0,1,7.605
n,200,5.0,7,5.124673366834171,1.0,1,8.195
n,200,1.5,8,9.41833981001727,0.965,0,3.16
n,200,2.0,8,8.382782554646225,0.985,0,4.005
n,200,2.5,8,6.524380864482388,0.99,0,4.87
n,200,3.0,8,6.345946777418859,0.99,0,5.58
n,200,3.5,8,5.933958878121315,0.99,0,6.24
n,200,4.0,8,5.793775316617956,0.99,0,6.775
n,200,4.5,8,5.570050251256282,1.0,1,7.35
n,200,5.0,8,5.528743718592965,1.0,1,7.975
n,200,1.5,9,6.983243276060955,0.91,0,3.265
n,200,2.0,9,6.284933645589383,0.915,0,4.11
n,200,2.5,9,6.488190954773869,1.0,1,4.925
n,200,3.0,9,5.70608040201005,1.0,1,5.72
n,200,3.5,9,5.413165829145728,1.0,1,6.385
n,200,4.0,9,5.230854271356784,1.0,1,6.99
n,200,4.5,9,5.100854271356784,1.0,1,7.605
n,200,5.0,9,5.0149246231155775,1.0,1,8.305
n,200,1.5,10,7.0043786322745,0.795,0,2.985
n,200,2.0,10,6.852451893234016,0.9,0,3.985
n,200,2.5,10,6.686304671076245,0.99,0,4.74
n,200,3.0,10,5.820603015075377,1.0,1,5.56
n,200,3.5,10,5.715226130653266,1.0,1,6.22
n,200,4.0,10,5.535628140703517,1.0,1,6.865
n,200,4.5,10,5.254472361809046,1.0,1,7.495
n,200,5.0,10,5.19356783919598,1.0,1,8.085
n,200,1.5,11,7.597792367073083,0.835,0,3.265
n,200,2.0,11,7.168620882188721,0.995,0,4.115
n,200,2.5,11,6.508693467336683,1.0,1,4.895
n,200,3.0,11,5.843668341708542,1.0,1,5.77
n,200,3.5,11,5.528492462311558,1.0,1,6.405
n,200,4.0,11,5.317788944723618,1.0,1,6.95
n,200,4.5,11,5.108341708542714,1.0,1,7.695
n,200,5.0,11,4.987537688442211,1.0,1,8.25
n,200,1.5,12,7.431358500964453,0.955,0,3.195
n,200,2.0,12,6.558479229255154,0.985,0,4.125
n,200,2.5,12,6.047002690218771,0.995,0,5.055
n,200,3.0,12,5.89035175879397,1.0,1,5.695
n,200,3.5,12,5.6257788944723615,1.0,1,6.365
n,200,4.0,12,5.506884422110553,1.0,1,7.02
n,200,4.5,12,5.278994974874371,1.0,1,7.505
n,200,5.0,12,5.208693467336683,1.0,1,7.945
n,200,1.5,13,7.653488204314263,0.835,0,3.09
n,200,2.0,13,7.876288659793815,0.97,0,3.975
n,200,2.5,13,6.5234579295493,0.99,0,4.73
n,200,3.0,13,6.042211055276382,1.0,1,5.425
n,200,3.5,13,5.7890452261306535,1.0,1,6.125
n,200,4.0,13,5.436532663316583,1.0,1,6.85
n,200,4.5,13,5.283618090452261,1.0,1,7.43
n,200,5.0,13,5.213819095477387,1.0,1,8.135
n,200,1.5,14,8.275443185120604,0.93,0,3.045
n,200,2.0,14,6.414668019870733,0.97,0,4.225
n,200,2.5,14,5.85973272557754,0.985,0,4.895
n,200,3.0,14,5.6744017403915885,0.985,0,5.715
n,200,3.5,14,5.514140681653372,0.985,0,6.33
n,200,4.0,14,5.284833730446493,0.985,0,7.005
n,200,4.5,14,5.254974874371859,1.0,1,7.445
n,200,5.0,14,5.143517587939699,1.0,1,7.99
n,200,1.5,15,8.11771837971893,0.955,0,3.16
n,200,2.0,15,6.592778497409326,0.965,0,4.085
n,200,2.5,15,5.966245368255419,0.995,0,4.96
n,200,3.0,15,5.622663316582915,1.0,1,5.765
n,200,3.5,15,5.529949748743719,1.0,1,6.46
n,200,4.0,15,5.348442211055277,1.0,1,7.11
n,200,4.5,15,5.244321608040201,1.0,1,7.81
n,200,5.0,15,5.17678391959799,1.0,1,8.39
n,200,1.5,16,9.761059511523907,0.855,0,3.14
n,200,2.0,16,7.585983632031493,0.985,0,3.855
n,200,2.5,16,6.835628140703518,1.0,1,4.68
n,200,3.0,16,6.091909547738694,1.0,1,5.555
n,200,3.5,16,5.733819095477387,1.0,1,6.355
n,200,4.0,16,5.57748743718593,1.0,1,6.915
n,200,4.5,16,5.511306532663316,1.0,1,7.455
n,200,5.0,16,5.118341708542713,1.0,1,8.14
n,200,1.5,17,7.736006683375105,0.95,0,3.415
n,200,2.0,17,6.202696272799366,0.975,0,4.225
n,200,2.5,17,5.761987840338356,0.975,0,4.94
n,200,3.0,17,5.606291303198519,0.975,0,5.695
n,200,3.5,17,5.531952692756713,0.995,0,6.415
n,200,4.0,17,5.301862849601543,0.995,0,6.995
n,200,4.5,17,5.114156641794833,0.995,0,7.74
n,200,5.0,17,5.019497487437186,1.0,1,8.335
n,200,1.5,18,8.050929839391378,0.845,0,3.11
n,200,2.0,18,7.3908629441624365,0.99,0,4.055
n,200,2.5,18,6.990251256281407,1.0,1,4.865
n,200,3.0,18,6.092010050251257,1.0,1,5.55
n,200,3.5,18,5.499145728643216,1.0,1,6.225
n,200,4.0,18,5.231005025125628,1.0,1,6.945
n,200,4.5,18,5.130804020100502,1.0,1,7.405
n,200,5.0,18,5.035175879396985,1.0,1,7.945
n,200,1.5,19,8.250129377264102,0.935,0,2.96
n,200,2.0,19,6.535911882645551,0.995,0,3.925
n,200,2.5,19,6.252964824120603,1.0,1,4.625
n,200,3.0,19,5.7430653266331655,1.0,1,5.33
n,200,3.5,19,5.467688442211055,1.0,1,6.315
n,200,4.0,19,5.311356783919598,1.0,1,7.085
n,200,4.5,19,5.21643216080402,1.0,1,7.76
n,200,5.0,19,5.153115577889447,1.0,1,8.335
n,200,1.5,20,7.690425596502944,0.91,0,2.97
n,200,2.0,20,6.754327191513121,0.995,0,4.005
n,200,2.5,20,6.021407035175879,1.0,1,4.98
n,200,3.0,20,5.7225628140703515,1.0,1,5.93
n,200,3.5,20,5.42391959798995,1.0,1,6.5
n,200,4.0,20,5.252010050251256,1.0,1,7.105
n,200,4.5,20,5.084924623115578,1.0,1,7.85
n,200,5.0,20,4.936834170854271,1.0,1,8.54
n,200,1.5,21,9.496224855332047,0.955,0,3.03
n,200,2.0,21,7.17904937701892,0.99,0,4.11
n,200,2.5,21,6.420301507537689,1.0,1,4.92
n,200,3.0,21,5.904120603015075,1.0,1,5.72
n,200,3.5,21,5.50175879396985,1.0,1,6.42
n,200,4.0,21,5.280904522613065,1.0,1,7.05
n,200,4.5,21,5.242713567839196,1.0,1,7.515
n,200,5.0,21,5.150603015075377,1.0,1,8.115
n,200,1.5,22,9.735805267702936,0.965,0,2.83
n,200,2.0,22,6.347228631492591,0.99,0,3.62
n,200,2.5,22,5.809045226130653,1.0,1,4.415
n,200,3.0,22,5.389899497487437,1.0,1,5.23
n,200,3.5,22,5.186834170854271,1.0,1,6.02
n,200,4.0,22,5.01894472361809,1.0,1,6.665
n,200,4.5,22,4.885276381909548,1.0,1,7.495
n,200,5.0,22,4.787788944723618,1.0,1,8.055
n,200,1.5,23,8.183626831563382,0.865,0,3.23
n,200,2.0,23,6.403532815593117,0.995,0,4.16
n,200,2.5,23,6.146130653266332,1.0,1,4.98
n,200,3.0,23,5.853015075376884,1.0,1,5.67
n,200,3.5,23,5.680301507537688,1.0,1,6.31
n,200,4.0,23,5.5819597989949745,1.0,1,7.03
n,200,4.5,23,5.509246231155779,1.0,1,7.58
n,200,5.0,23,5.432060301507538,1.0,1,8.145
n,200,1.5,24,10.808636651141395,0.935,0,3.095
n,200,2.0,24,7.0033500837520934,0.995,0,4.135
n,200,2.5,24,6.378844221105528,1.0,1,4.975
n,200,3.0,24,5.901658291457286,1.0,1,5.805
n,200,3.5,24,5.808040201005025,1.0,1,6.435
n,200,4.0,24,5.427738693467337,1.0,1,7.155
n,200,4.5,24,5.297085427135678,1.0,1,7.705
n,200,5.0,24,5.0353266331658295,1.0,1,8.285
n,500,1.5,0,12.935729847494553,0.92,0,3.12
n,500,2.0,0,10.51405036362737,0.986,0,4.02
n,500,2.5,0,9.398445998445998,0.99,0,4.74
n,500,3.0,0,8.775569077113282,0.996,0,5.452
n,500,3.5,0,8.445420962406741,0.998,0,6.134
n,500,4.0,0,8.14020812709757,0.998,0,6.794
n,500,4.5,0,7.922300601202405,1.0,1,7.45
n,500,5.0,0,7.7421643286573145,1.0,1,7.978
n,500,1.5,1,16.125569648053588,0.936,0,3.146
n,500,2.0,1,10.751294319715372,0.99,0,4.04
n,500,2.5,1,9.287989633886246,0.998,0,4.754
n,500,3.0,1,8.730907598329189,0.998,0,5.462
n,500,3.5,1,8.472736637934503,0.998,0,6.058
n,500,4.0,1,8.28262124248497,1.0,1,6.694
n,500,4.5,1,8.145643286573147,1.0,1,7.28
n,500,5.0,1,8.00188376753507,1.0,1,7.816
n,500,1.5,2,13.74193580893838,0.892,0,2.976
n,500,2.0,2,10.82773475476885,0.978,0,3.754
n,500,2.5,2,10.004608294930875,0.994,0,4.574
n,500,3.0,2,9.424927072475011,0.996,0,5.248
n,500,3.5,2,8.766380761523045,1.0,1,5.866
n,500,4.0,2,8.409330661322645,1.0,1,6.542
n,500,4.5,2,8.153811623246494,1.0,1,7.186
n,500,5.0,2,8.02027254509018,1.0,1,7.806
n,500,1.5,3,12.951144645302405,0.934,0,3.19
n,500,2.0,3,10.681816706691764,0.994,0,4.11
n,500,2.5,3,9.643978720493195,0.998,0,4.88
n,500,3.0,3,8.974132264529057,1.0,1,5.654
n,500,3.5,3,8.5930501002004,1.0,1,6.308
n,500,4.0,3,8.352841683366734,1.0,1,6.884
n,500,4.5,3,8.165346693386773,1.0,1,7.582
n,500,5.0,3,7.86924248496994,1.0,1,8.12
n,500,1.5,4,12.915195780077095,0.744,0,3.26
n,500,2.0,4,11.240999210274742,0.982,0,4.078
n,500,2.5,4,9.534248712747699,0.988,0,4.89
n,500,3.0,4,9.264633685040764,0.998,0,5.644
n,500,3.5,4,8.888016032064128,1.0,1,6.342
n,500,4.0,4,8.526284569138276,1.0,1,6.886
n,500,4.5,4,8.092008016032064,1.0,1,7.514
n,500,5.0,4,7.966028056112225,1.0,1,8.134
n,500,1.5,5,13.221994226071509,0.95,0,3.18
n,500,2.0,5,10.410307992850909,0.982,0,4.07
n,500,2.5,5,9.337930810670475,0.994,0,4.854
n,500,3.0,5,8.783880703576296,0.994,0,5.66
n,500,3.5,5,8.513726247676075,0.998,0,6.32
n,500,4.0,5,8.026709418837676,1.0,1,7.076
n,500,4.5,5,7.8589338677354705,1.0,1,7.812
n,500,5.0,5,7.719254509018036,1.0,1,8.412
n,500,1.5,6,12.055904274384023,0.934,0,3.082
n,500,2.0,6,10.565472784192277,0.976,0,3.986
n,500,2.5,6,9.593050236905302,0.994,0,4.748
n,500,3.0,6,8.85547017042011,0.996,0,5.494
n,500,3.5,6,8.551174638433494,0.998,0,6.176
n,500,4.0,6,8.234839156224094,0.998,0,6.78
n,500,4.5,6,7.914326645258388,0.998,0,7.498
n,500,5.0,6,7.72598208465123,0.998,0,8.058
n,500,1.5,7,12.326608714668415,0.938,0,3.072
n,500,2.0,7,9.924986346739955,0.954,0,3.866
n,500,2.5,7,9.396984315531745,0.996,0,4.722
n,500,3.0,7,8.680328657314629,1.0,1,5.5
n,500,3.5,7,8.436881763527055,1.0,1,6.162
n,500,4.0,7,8.28813627254509,1.0,1,6.708
n,500,4.5,7,8.019174348697394,1.0,1,7.374
n,500,5.0,7,7.8105971943887775,1.0,1,8.054
n,500,1.5,8,13.861786711988904,0.906,0,2.946
n,500,2.0,8,10.377549629377183,0.97,0,3.818
n,500,2.5,8,9.355884459682416,0.998,0,4.758
n,500,3.0,8,9.051230460921843,1.0,1,5.518
n,500,3.5,8,8.708184368737475,1.0,1,6.288
n,500,4.0,8,8.50386372745491,1.0,1,6.886
n,500,4.5,8,8.31609619238477,1.0,1,7.544
n,500,5.0,8,8.044993987975952,1.0,1,8.216
n,500,1.5,9,17.2476699413437,0.944,0,3.156
n,500,2.0,9,10.814712048341349,0.954,0,3.94
n,500,2.5,9,10.105844983070167,0.978,0,4.7
n,500,3.0,9,9.63135386119257,0.992,0,5.368
n,500,3.5,9,8.921270595460312,0.996,0,6.028
n,500,4.0,9,8.672379659483003,0.996,0,6.518
n,500,4.5,9,8.235102204408818,1.0,1,7.216
n,500,5.0,9,7.901667334669338,1.0,1,7.762
n,500,1.5,10,11.26757733234348,0.9,0,3.254
n,500,2.0,10,9.951320896456743,0.98,0,4.144
n,500,2.5,10,9.354746945035373,0.986,0,5.006
n,500,3.0,10,8.597784294558489,0.992,0,5.854
n,500,3.5,10,8.304721442885771,1.0,1,6.594
n,500,4.0,10,8.041539078156312,1.0,1,7.288
n,500,4.5,10,7.7176352705410824,1.0,1,7.902
n,500,5.0,10,7.579663326653306,1.0,1,8.538
n,500,1.5,11,16.144253413962957,0.964,0,3.066
n,500,2.0,11,11.12917018238463,0.994,0,3.938
n,500,2.5,11,9.470452905811623,1.0,1,4.86
n,500,3.0,11,9.069154308617234,1.0,1,5.578
n,500,3.5,11,8.635086172344689,1.0,1,6.25
n,500,4.0,11,8.422629258517034,1.0,1,6.914
n,500,4.5,11,8.1632625250501,1.0,1,7.564
n,500,5.0,11,8.0207374749499,1.0,1,8.166
n,500,1.5,12,16.535789705025177,0.916,0,3.056
n,500,2.0,12,10.596554252199413,0.992,0,3.934
n,500,2.5,12,9.232819051758135,0.998,0,4.824
n,500,3.0,12,8.698084168336674,1.0,1,5.552
n,500,3.5,12,8.389627254509017,1.0,1,6.266
n,500,4.0,12,8.196569138276553,1.0,1,6.94
n,500,4.5,12,8.074997995991984,1.0,1,7.606
n,500,5.0,12,7.892697394789579,1.0,1,8.228
n,500,1.5,13,15.04788225176479,0.946,0,3.07
n,500,2.0,13,10.749781493758142,0.986,0,3.838
n,500,2.5,13,9.639911823647294,1.0,1,4.58
n,500,3.0,13,8.897410821643287,1.0,1,5.432
n,500,3.5,13,8.477138276553106,1.0,1,6.196
n,500,4.0,13,8.098805611222446,1.0,1,6.806
n,500,4.5,13,7.93512625250501,1.0,1,7.426
n,500,5.0,13,7.7454749498997995,1.0,1,8.094
n,500,1.5,14,11.9254600761813,0.948,0,3.246
n,500,2.0,14,10.376778932431868,0.98,0,4.068
n,500,2.5,14,8.882861686246512,0.994,0,4.956
n,500,3.0,14,8.535214428857715,1.0,1,5.67
n,500,3.5,14,8.28850501002004,1.0,1,6.386
n,500,4.0,14,8.130885771543086,1.0,1,7.084
n,500,4.5,14,7.960480961923848,1.0,1,7.686
n,500,5.0,14,7.787543086172344,1.0,1,8.346
n,500,1.5,15,18.179049160773623,0.97,0,3.096
n,500,2.0,15,10.72169306159538,0.994,0,3.912
n,500,2.5,15,9.525433726859147,0.996,0,4.718
n,500,3.0,15,9.010969730625911,0.998,0,5.496
n,500,3.5,15,8.530828725724541,0.998,0,6.264
n,500,4.0,15,8.31086268923389,0.998,0,6.948
n,500,4.5,15,8.137946575882689,0.998,0,7.68
n,500,5.0,15,7.813226452905812,1.0,1,8.362
n,500,1.5,16,13.67437623836756,0.924,0,3.168
n,500,2.0,16,10.400313125609568,0.968,0,4.08
n,500,2.5,16,9.161436468681158,0.982,0,4.928
n,500,3.0,16,8.77490724420729,0.998,0,5.68
n,500,3.5,16,8.425226452905811,1.0,1,6.414
n,500,4.0,16,8.11318637274549,1.0,1,7.102
n,500,4.5,16,7.932545090180361,1.0,1,7.802
n,500,5.0,16,7.740889779559118,1.0,1,8.358
n,500,1.5,17,14.02535425528918,0.924,0,3.042
n,500,2.0,17,11.302847147514598,0.988,0,3.934
n,500,2.5,17,9.611411440530734,0.996,0,4.702
n,500,3.0,17,9.092723599810062,0.998,0,5.47
n,500,3.5,17,8.592148151725137,0.998,0,6.186
n,500,4.0,17,8.249258517034068,1.0,1,6.828
n,500,4.5,17,7.883583166332666,1.0,1,7.568
n,500,5.0,17,7.713314629258517,1.0,1,8.134
n,500,1.5,18,15.182840789091076,0.724,0,2.952
n,500,2.0,18,14.162263678477526,0.98,0,3.89
n,500,2.5,18,10.467006301760147,0.998,0,4.666
n,500,3.0,18,9.062840540518788,0.998,0,5.428
n,500,3.5,18,8.696496993987976,1.0,1,6.122
n,500,4.0,18,8.47287374749499,1.0,1,6.7
n,500,4.5,18,8.13701002004008,1.0,1,7.366
n,500,5.0,18,7.971054108216433,1.0,1,7.94
n,500,1.5,19,12.38272821261327,0.812,0,3.062
n,500,2.0,19,11.416367044389537,0.97,0,4.012
n,500,2.5,19,9.87179789275255,0.976,0,4.916
n,500,3.0,19,9.301197458455523,0.992,0,5.654
n,500,3.5,19,8.843333090914967,0.996,0,6.364
n,500,4.0,19,8.32510804742014,0.998,0,7.098
n,500,4.5,19,8.207102204408818,1.0,1,7.676
n,500,5.0,19,7.986941883767535,1.0,1,8.274
n,500,1.5,20,17.983398502535415,0.918,0,3.12
n,500,2.0,20,10.858092500384991,0.968,0,3.986
n,500,2.5,20,9.435078959686624,0.988,0,4.816
n,500,3.0,20,8.795735470941883,1.0,1,5.536
n,500,3.5,20,8.4302124248497,1.0,1,6.258
n,500,4.0,20,8.179679358717435,1.0,1,6.838
n,500,4.5,20,7.895543086172345,1.0,1,7.532
n,500,5.0,20,7.751615230460922,1.0,1,8.142
n,500,1.5,21,16.61487310643321,0.782,0,3.132
n,500,2.0,21,13.866641625975543,0.98,0,4.068
n,500,2.5,21,11.390692365177259,0.988,0,4.856
n,500,3.0,21,9.970037090009939,0.996,0,5.688
n,500,3.5,21,9.607543086172345,1.0,1,6.22
n,500,4.0,21,9.006693386773547,1.0,1,6.864
n,500,4.5,21,8.61318637274549,1.0,1,7.596
n,500,5.0,21,8.080625250501003,1.0,1,8.25
n,500,1.5,22,15.798088313013686,0.938,0,3.15
n,500,2.0,22,10.896650670360659,0.986,0,3.942
n,500,2.5,22,9.338428822639349,0.99,0,4.616
n,500,3.0,22,8.62449396785539,0.998,0,5.368
n,500,3.5,22,8.49747688147379,0.998,0,6.052
n,500,4.0,22,8.2604248496994,1.0,1,6.786
n,500,4.5,22,8.078372745490983,1.0,1,7.47
n,500,5.0,22,7.858909819639279,1.0,1,8.09
n,500,1.5,23,13.108076787423792,0.892,0,3.16
n,500,2.0,23,11.459861174612412,0.982,0,4.034
n,500,2.5,23,10.213409489193223,0.994,0,4.848
n,500,3.0,23,9.437755565651976,0.994,0,5.742
n,500,3.5,23,8.780002596222497,0.994,0,6.528
n,500,4.0,23,8.29215616278315,0.994,0,7.148
n,500,4.5,23,8.11055039916921,0.994,0,7.702
n,500,5.0,23,7.9337793831260655,0.996,0,8.322
n,500,1.5,24,13.363450564034506,0.55,0,3.032
n,500,2.0,24,12.331429874652422,0.956,0,3.856
n,500,2.5,24,9.531658512265402,0.974,0,4.636
n,500,3.0,24,8.89196867630844,0.998,0,5.298
n,500,3.5,24,8.26038422225978,0.998,0,6.152
n,500,4.0,24,8.155515850979066,0.998,0,6.734
n,500,4.5,24,7.973899606441799,0.998,0,7.356
n,500,5.0,24,7.859735535327683,0.998,0,7.912
