gamma,rho,trial,mean_hyperedge_degree,attempt_level_reference,unique_fraction_attempts,unique_fraction_retained
1.5,0.5,0,1.184,1.2708653623884316,0.692,0.9105263157894737
1.5,0.5,1,1.224,1.2708653623884316,0.696,0.9354838709677419
1.5,0.5,2,1.216,1.2708653623884316,0.688,0.9662921348314607
1.5,0.5,3,1.218,1.2708653623884316,0.7,0.9562841530054644
1.5,0.5,4,1.136,1.2708653623884316,0.648,0.9700598802395209
1.5,0.5,5,1.322,1.2708653623884316,0.768,0.9186602870813397
1.5,0.5,6,1.212,1.2708653623884316,0.688,0.9398907103825137
1.5,0.5,7,1.166,1.2708653623884316,0.676,0.9388888888888889
1.5,0.5,8,1.2,1.2708653623884316,0.692,0.9402173913043478
1.5,0.5,9,1.072,1.2708653623884316,0.616,0.927710843373494
1.5,0.5,10,1.154,1.2708653623884316,0.668,0.9488636363636364
1.5,0.5,11,1.272,1.2708653623884316,0.724,0.9627659574468085
1.5,0.5,12,1.218,1.2708653623884316,0.704,0.967032967032967
1.5,0.5,13,1.224,1.2708653623884316,0.736,0.9435897435897436
1.5,0.5,14,1.168,1.2708653623884316,0.7,0.9358288770053476
1.5,0.5,15,1.216,1.2708653623884316,0.704,0.9617486338797814
1.5,0.5,16,1.146,1.2708653623884316,0.668,0.943502824858757
1.5,0.5,17,1.188,1.2708653623884316,0.7,0.9668508287292817
1.5,0.5,18,1.168,1.2708653623884316,0.704,0.9513513513513514
1.5,0.5,19,1.272,1.2708653623884316,0.732,0.9432989690721649
1.5,0.5,20,1.196,1.2708653623884316,0.688,0.9398907103825137
1.5,0.5,21,1.13,1.2708653623884316,0.648,0.9418604651162791
1.5,0.5,22,1.294,1.2708653623884316,0.732,0.9336734693877551
1.5,0.5,23,1.212,1.2708653623884316,0.708,0.917098445595855
1.5,0.5,24,1.158,1.2708653623884316,0.672,0.9281767955801105
1.5,0.5,25,1.184,1.2708653623884316,0.696,0.9456521739130435
1.5,0.5,26,1.114,1.2708653623884316,0.672,0.9281767955801105
1.5,0.5,27,1.158,1.2708653623884316,0.692,0.9057591623036649
1.5,0.5,28,1.262,1.2708653623884316,0.728,0.9528795811518325
1.5,0.5,29,1.172,1.2708653623884316,0.7,0.9510869565217391
1.5,1.0,0,2.294,2.5417307247768632,0.652,0.9261363636363636
1.5,1.0,1,2.222,2.5417307247768632,0.648,0.9101123595505618
1.5,1.0,2,2.234,2.5417307247768632,0.644,0.8969359331476323
1.5,1.0,3,2.282,2.5417307247768632,0.656,0.8746666666666667
1.5,1.0,4,2.278,2.5417307247768632,0.674,0.8891820580474934
1.5,1.0,5,2.164,2.5417307247768632,0.656,0.8723404255319149
1.5,1.0,6,2.348,2.5417307247768632,0.674,0.8938992042440318
1.5,1.0,7,2.318,2.5417307247768632,0.668,0.9329608938547486
1.5,1.0,8,2.25,2.5417307247768632,0.658,0.875
1.5,1.0,9,2.148,2.5417307247768632,0.618,0.8778409090909091
1.5,1.0,10,2.318,2.5417307247768632,0.664,0.894878706199461
1.5,1.0,11,2.34,2.5417307247768632,0.662,0.8873994638069705
1.5,1.0,12,2.384,2.5417307247768632,0.682,0.899736147757256
1.5,1.0,13,2.296,2.5417307247768632,0.67,0.9054054054054054
1.5,1.0,14,2.256,2.5417307247768632,0.634,0.8781163434903048
1.5,1.0,15,2.478,2.5417307247768632,0.686,0.9026315789473685
1.5,1.0,16,2.288,2.5417307247768632,0.682,0.9021164021164021
1.5,1.0,17,2.452,2.5417307247768632,0.704,0.9072164948453608
1.5,1.0,18,2.162,2.5417307247768632,0.634,0.883008356545961
1.5,1.0,19,2.19,2.5417307247768632,0.638,0.8910614525139665
1.5,1.0,20,2.284,2.5417307247768632,0.668,0.9100817438692098
1.5,1.0,21,2.198,2.5417307247768632,0.642,0.8991596638655462
1.5,1.0,22,2.282,2.5417307247768632,0.658,0.8844086021505376
1.5,1.0,23,2.244,2.5417307247768632,0.66,0.8823529411764706
1.5,1.0,24,2.32,2.5417307247768632,0.658,0.9038461538461539
1.5,1.0,25,2.324,2.5417307247768632,0.676,0.8941798941798942
1.5,1.0,26,2.392,2.5417307247768632,0.688,0.9124668435013262
1.5,1.0,27,2.288,2.5417307247768632,0.662,0.8850267379679144
1.5,1.0,28,2.216,2.5417307247768632,0.64,0.9065155807365439
1.5,1.0,29,2.226,2.5417307247768632,0.658,0.8820375335120644
1.5,1.5,0,3.422,3.8125960871652946,0.6453333333333333,0.8832116788321168
1.5,1.5,1,3.054,3.8125960871652946,0.588,0.8596491228070176
1.5,1.5,2,3.488,3.8125960871652946,0.6546666666666666,0.875222816399287
1.5,1.5,3,3.164,3.8125960871652946,0.6173333333333333,0.8574074074074074
1.5,1.5,4,3.352,3.8125960871652946,0.6466666666666666,0.8614564831261101
1.5,1.5,5,3.262,3.8125960871652946,0.6266666666666667,0.8703703703703703
1.5,1.5,6,3.314,3.8125960871652946,0.6333333333333333,0.8763837638376384
1.5,1.5,7,3.246,3.8125960871652946,0.6266666666666667,0.8453237410071942
1.5,1.5,8,3.396,3.8125960871652946,0.6466666666666666,0.8660714285714286
1.5,1.5,9,3.34,3.8125960871652946,0.6426666666666667,0.8700361010830325
1.5,1.5,10,3.198,3.8125960871652946,0.6106666666666667,0.8450184501845018
1.5,1.5,11,3.35,3.8125960871652946,0.6213333333333333,0.8457350272232305
1.5,1.5,12,3.344,3.8125960871652946,0.644,0.8370883882149047
1.5,1.5,13,3.302,3.8125960871652946,0.6293333333333333,0.8504504504504504
1.5,1.5,14,3.356,3.8125960871652946,0.6293333333333333,0.8353982300884956
1.5,1.5,15,3.302,3.8125960871652946,0.6453333333333333,0.8596802841918295
1.5,1.5,16,3.528,3.8125960871652946,0.6626666666666666,0.8598615916955017
1.5,1.5,17,3.216,3.8125960871652946,0.6066666666666667,0.8633776091081594
1.5,1.5,18,3.122,3.8125960871652946,0.6026666666666667,0.846441947565543
1.5,1.5,19,3.348,3.8125960871652946,0.6573333333333333,0.8866906474820144
1.5,1.5,20,3.506,3.8125960871652946,0.664,0.8783068783068783
1.5,1.5,21,3.13,3.8125960871652946,0.6066666666666667,0.8242753623188406
1.5,1.5,22,3.314,3.8125960871652946,0.644,0.8563829787234043
1.5,1.5,23,3.376,3.8125960871652946,0.6306666666666667,0.8663003663003663
1.5,1.5,24,3.362,3.8125960871652946,0.652,0.8701067615658363
1.5,1.5,25,3.306,3.8125960871652946,0.632,0.8449197860962567
1.5,1.5,26,3.448,3.8125960871652946,0.6493333333333333,0.8396551724137931
1.5,1.5,27,3.562,3.8125960871652946,0.668,0.8549488054607508
1.5,1.5,28,3.394,3.8125960871652946,0.6586666666666666,0.8774422735346359
1.5,1.5,29,3.3,3.8125960871652946,0.648,0.8725314183123878
1.5,2.0,0,4.11,5.0834614495537265,0.594,0.8070652173913043
1.5,2.0,1,4.012,5.0834614495537265,0.578,0.8005540166204986
1.5,2.0,2,4.232,5.0834614495537265,0.61,0.8310626702997275
1.5,2.0,3,4.328,5.0834614495537265,0.617,0.8569444444444444
1.5,2.0,4,4.21,5.0834614495537265,0.601,0.803475935828877
1.5,2.0,5,4.414,5.0834614495537265,0.632,0.8229166666666666
1.5,2.0,6,4.29,5.0834614495537265,0.608,0.8150134048257373
1.5,2.0,7,4.28,5.0834614495537265,0.607,0.8169582772543742
1.5,2.0,8,4.33,5.0834614495537265,0.634,0.8255208333333334
1.5,2.0,9,4.222,5.0834614495537265,0.604,0.8021248339973439
1.5,2.0,10,4.34,5.0834614495537265,0.624,0.8387096774193549
1.5,2.0,11,4.066,5.0834614495537265,0.576,0.7966804979253111
1.5,2.0,12,4.082,5.0834614495537265,0.582,0.819718309859155
1.5,2.0,13,4.036,5.0834614495537265,0.576,0.7794316644113667
1.5,2.0,14,4.094,5.0834614495537265,0.584,0.8133704735376045
1.5,2.0,15,4.186,5.0834614495537265,0.589,0.827247191011236
1.5,2.0,16,4.178,5.0834614495537265,0.612,0.8031496062992126
1.5,2.0,17,4.05,5.0834614495537265,0.597,0.8024193548387096
1.5,2.0,18,4.222,5.0834614495537265,0.608,0.8194070080862533
1.5,2.0,19,4.062,5.0834614495537265,0.586,0.7983651226158038
1.5,2.0,20,4.214,5.0834614495537265,0.602,0.8212824010914052
1.5,2.0,21,4.184,5.0834614495537265,0.608,0.8227334235453315
1.5,2.0,22,4.168,5.0834614495537265,0.588,0.8010899182561307
1.5,2.0,23,4.388,5.0834614495537265,0.624,0.8199737187910644
1.5,2.0,24,4.106,5.0834614495537265,0.588,0.8054794520547945
1.5,2.0,25,4.288,5.0834614495537265,0.616,0.8268456375838926
1.5,2.0,26,4.236,5.0834614495537265,0.605,0.8299039780521262
1.5,2.0,27,3.918,5.0834614495537265,0.563,0.7701778385772914
1.5,2.0,28,4.262,5.0834614495537265,0.596,0.8142076502732241
1.5,2.0,29,4.232,5.0834614495537265,0.602,0.8235294117647058
1.5,2.5,0,5.218,6.354326811942158,0.5856,0.7913513513513514
1.5,2.5,1,5.078,6.354326811942158,0.584,0.782422293676313
1.5,2.5,2,4.782,6.354326811942158,0.5576,0.7617486338797814
1.5,2.5,3,4.882,6.354326811942158,0.5608,0.7703296703296704
1.5,2.5,4,4.946,6.354326811942158,0.56,0.7726269315673289
1.5,2.5,5,5.088,6.354326811942158,0.5832,0.7780149413020278
1.5,2.5,6,4.882,6.354326811942158,0.5656,0.7561497326203208
1.5,2.5,7,5.2,6.354326811942158,0.5904,0.7926960257787325
1.5,2.5,8,4.974,6.354326811942158,0.5728,0.771551724137931
1.5,2.5,9,5.102,6.354326811942158,0.5896,0.7840425531914894
1.5,2.5,10,5.144,6.354326811942158,0.592,0.7905982905982906
1.5,2.5,11,4.806,6.354326811942158,0.5496,0.7693169092945129
1.5,2.5,12,4.924,6.354326811942158,0.5648,0.7502656748140276
1.5,2.5,13,5.066,6.354326811942158,0.5848,0.7902702702702703
1.5,2.5,14,5.2,6.354326811942158,0.5976,0.7888067581837381
1.5,2.5,15,5.168,6.354326811942158,0.5864,0.7864806866952789
1.5,2.5,16,5.038,6.354326811942158,0.5624,0.767467248908297
1.5,2.5,17,4.944,6.354326811942158,0.5672,0.782560706401766
1.5,2.5,18,5.206,6.354326811942158,0.5936,0.7885228480340064
1.5,2.5,19,4.992,6.354326811942158,0.5688,0.7873754152823921
1.5,2.5,20,5.278,6.354326811942158,0.5904,0.8021739130434783
1.5,2.5,21,4.978,6.354326811942158,0.5704,0.765843179377014
1.5,2.5,22,5.176,6.354326811942158,0.5952,0.7782426778242678
1.5,2.5,23,5.046,6.354326811942158,0.5824,0.7913043478260869
1.5,2.5,24,5.146,6.354326811942158,0.588,0.7980456026058632
1.5,2.5,25,5.178,6.354326811942158,0.5904,0.8004338394793926
1.5,2.5,26,5.052,6.354326811942158,0.5656,0.7838137472283814
1.5,2.5,27,5.068,6.354326811942158,0.5824,0.7844827586206896
1.5,2.5,28,5.274,6.354326811942158,0.584,0.7782515991471215
1.5,2.5,29,5.022,6.354326811942158,0.5768,0.7694770544290288
1.5,3.0,0,6.01,7.625192174330589,0.5666666666666667,0.7596067917783735
1.5,3.0,1,5.668,7.625192174330589,0.5406666666666666,0.7406392694063927
1.5,3.0,2,5.77,7.625192174330589,0.55,0.7339857651245552
1.5,3.0,3,6.018,7.625192174330589,0.5733333333333334,0.7597173144876325
1.5,3.0,4,6.108,7.625192174330589,0.576,0.7612334801762115
1.5,3.0,5,6.096,7.625192174330589,0.584,0.7597571552471812
1.5,3.0,6,6.054,7.625192174330589,0.572,0.7771739130434783
1.5,3.0,7,5.988,7.625192174330589,0.5633333333333334,0.7585278276481149
1.5,3.0,8,6.138,7.625192174330589,0.5813333333333334,0.7696381288614298
1.5,3.0,9,5.87,7.625192174330589,0.5573333333333333,0.755877034358047
1.5,3.0,10,5.702,7.625192174330589,0.544,0.7576601671309192
1.5,3.0,11,5.794,7.625192174330589,0.5406666666666666,0.773854961832061
1.5,3.0,12,5.816,7.625192174330589,0.5526666666666666,0.765466297322253
1.5,3.0,13,6.122,7.625192174330589,0.5753333333333334,0.7781785392245266
1.5,3.0,14,5.674,7.625192174330589,0.544,0.7411444141689373
1.5,3.0,15,5.674,7.625192174330589,0.5466666666666666,0.7420814479638009
1.5,3.0,16,5.94,7.625192174330589,0.562,0.7394736842105263
1.5,3.0,17,6.024,7.625192174330589,0.5626666666666666,0.7631103074141049
1.5,3.0,18,5.994,7.625192174330589,0.57,0.7801094890510949
1.5,3.0,19,5.972,7.625192174330589,0.5693333333333334,0.7393939393939394
1.5,3.0,20,6.056,7.625192174330589,0.5693333333333334,0.7659192825112108
1.5,3.0,21,6.054,7.625192174330589,0.5606666666666666,0.7422771403353927
1.5,3.0,22,6.016,7.625192174330589,0.5666666666666667,0.7741347905282332
1.5,3.0,23,5.942,7.625192174330589,0.5626666666666666,0.7469026548672566
1.5,3.0,24,5.828,7.625192174330589,0.5513333333333333,0.7417040358744394
1.5,3.0,25,6.036,7.625192174330589,0.5713333333333334,0.757736516357206
1.5,3.0,26,5.878,7.625192174330589,0.5613333333333334,0.7633726201269265
1.5,3.0,27,5.84,7.625192174330589,0.548,0.7255075022065314
1.5,3.0,28,5.786,7.625192174330589,0.5613333333333334,0.7524575513851653
1.5,3.0,29,5.78,7.625192174330589,0.5486666666666666,0.7522851919561243
1.5,3.5,0,6.834,8.896057536719022,0.5577142857142857,0.7240356083086054
1.5,3.5,1,6.638,8.896057536719022,0.5377142857142857,0.7210727969348659
1.5,3.5,2,6.684,8.896057536719022,0.5405714285714286,0.7254601226993865
1.5,3.5,3,6.446,8.896057536719022,0.5165714285714286,0.7226219024780176
1.5,3.5,4,6.138,8.896057536719022,0.5074285714285715,0.7081339712918661
1.5,3.5,5,7.048,8.896057536719022,0.5634285714285714,0.737471952131638
1.5,3.5,6,6.75,8.896057536719022,0.54,0.7202743902439024
1.5,3.5,7,6.642,8.896057536719022,0.5428571428571428,0.7318952234206472
1.5,3.5,8,6.808,8.896057536719022,0.5514285714285714,0.7394636015325671
1.5,3.5,9,6.61,8.896057536719022,0.5228571428571429,0.7154026583268178
1.5,3.5,10,6.682,8.896057536719022,0.5502857142857143,0.7334348819497334
1.5,3.5,11,6.736,8.896057536719022,0.5525714285714286,0.7364813404417365
1.5,3.5,12,6.676,8.896057536719022,0.5457142857142857,0.7368827160493827
1.5,3.5,13,7.024,8.896057536719022,0.5691428571428572,0.7410714285714286
1.5,3.5,14,6.938,8.896057536719022,0.5628571428571428,0.7417168674698795
1.5,3.5,15,6.394,8.896057536719022,0.52,0.7070707070707071
1.5,3.5,16,6.612,8.896057536719022,0.528,0.7281323877068558
1.5,3.5,17,6.698,8.896057536719022,0.5377142857142857,0.7311577311577312
1.5,3.5,18,6.482,8.896057536719022,0.5297142857142857,0.7119815668202765
1.5,3.5,19,6.694,8.896057536719022,0.5422857142857143,0.7333848531684699
1.5,3.5,20,6.646,8.896057536719022,0.536,0.7271317829457364
1.5,3.5,21,6.722,8.896057536719022,0.5405714285714286,0.7282525019245574
1.5,3.5,22,6.908,8.896057536719022,0.56,0.7608695652173914
1.5,3.5,23,6.512,8.896057536719022,0.5245714285714286,0.7045280122793554
1.5,3.5,24,6.544,8.896057536719022,0.5388571428571428,0.7321428571428571
1.5,3.5,25,6.628,8.896057536719022,0.532,0.7183641975308642
1.5,3.5,26,6.822,8.896057536719022,0.5525714285714286,0.7342444950645406
1.5,3.5,27,6.554,8.896057536719022,0.5314285714285715,0.7093821510297483
1.5,3.5,28,6.55,8.896057536719022,0.5302857142857142,0.7221789883268482
1.5,3.5,29,6.424,8.896057536719022,0.5291428571428571,0.7145061728395061
1.5,4.0,0,7.374,10.166922899107453,0.5155,0.7081043956043956
1.5,4.0,1,7.784,10.166922899107453,0.5525,0.7152103559870551
1.5,4.0,2,7.444,10.166922899107453,0.5225,0.7128240109140518
1.5,4.0,3,7.49,10.166922899107453,0.523,0.7048517520215634
1.5,4.0,4,7.258,10.166922899107453,0.5125,0.6888440860215054
1.5,4.0,5,7.342,10.166922899107453,0.5185,0.7035278154681139
1.5,4.0,6,7.358,10.166922899107453,0.5235,0.705050505050505
1.5,4.0,7,7.642,10.166922899107453,0.5355,0.7041420118343196
1.5,4.0,8,7.22,10.166922899107453,0.505,0.6842818428184282
1.5,4.0,9,7.586,10.166922899107453,0.5385,0.7184789859906604
1.5,4.0,10,7.484,10.166922899107453,0.529,0.7134187457855697
1.5,4.0,11,7.45,10.166922899107453,0.5315,0.7049071618037135
1.5,4.0,12,7.504,10.166922899107453,0.5325,0.7104736490993996
1.5,4.0,13,7.672,10.166922899107453,0.5405,0.7130606860158312
1.5,4.0,14,7.48,10.166922899107453,0.529,0.7006622516556291
1.5,4.0,15,7.348,10.166922899107453,0.5165,0.7051194539249147
1.5,4.0,16,7.15,10.166922899107453,0.5015,0.6686666666666666
1.5,4.0,17,7.228,10.166922899107453,0.5165,0.6928236083165661
1.5,4.0,18,7.48,10.166922899107453,0.5275,0.7099596231493943
1.5,4.0,19,7.506,10.166922899107453,0.5295,0.709310113864702
1.5,4.0,20,7.262,10.166922899107453,0.5085,0.6994497936726273
1.5,4.0,21,7.322,10.166922899107453,0.529,0.695137976346912
1.5,4.0,22,7.508,10.166922899107453,0.528,0.7149627623561273
1.5,4.0,23,7.64,10.166922899107453,0.5335,0.7165883143049027
1.5,4.0,24,7.404,10.166922899107453,0.529,0.7105439892545332
1.5,4.0,25,7.138,10.166922899107453,0.5065,0.6816958277254375
1.5,4.0,26,7.292,10.166922899107453,0.512,0.6895622895622896
1.5,4.0,27,7.246,10.166922899107453,0.5145,0.6981004070556309
1.5,4.0,28,7.386,10.166922899107453,0.5115,0.7183988764044944
1.5,4.0,29,7.468,10.166922899107453,0.5275,0.7023968042609854
1.5,4.5,0,7.944,11.437788261495884,0.4968888888888889,0.6666666666666666
1.5,4.5,1,8.062,11.437788261495884,0.5066666666666667,0.6729634002361276
1.5,4.5,2,8.048,11.437788261495884,0.5084444444444445,0.6666666666666666
1.5,4.5,3,7.842,11.437788261495884,0.49377777777777776,0.6708937198067633
1.5,4.5,4,7.88,11.437788261495884,0.48977777777777776,0.6723611958511287
1.5,4.5,5,8.06,11.437788261495884,0.5102222222222222,0.6874251497005988
1.5,4.5,6,8.028,11.437788261495884,0.5057777777777778,0.6834834834834835
1.5,4.5,7,8.0,11.437788261495884,0.5066666666666667,0.6654991243432574
1.5,4.5,8,7.796,11.437788261495884,0.49422222222222223,0.6792913866829566
1.5,4.5,9,7.902,11.437788261495884,0.5008888888888889,0.6625514403292181
1.5,4.5,10,7.894,11.437788261495884,0.4955555555555556,0.6819571865443425
1.5,4.5,11,7.846,11.437788261495884,0.49466666666666664,0.6664670658682634
1.5,4.5,12,8.236,11.437788261495884,0.5137777777777778,0.6968053044002411
1.5,4.5,13,7.894,11.437788261495884,0.49644444444444447,0.6753325272067715
1.5,4.5,14,7.972,11.437788261495884,0.5,0.6744604316546763
1.5,4.5,15,8.166,11.437788261495884,0.5168888888888888,0.697242206235012
1.5,4.5,16,8.19,11.437788261495884,0.5128888888888888,0.6816302421736562
1.5,4.5,17,7.862,11.437788261495884,0.4911111111111111,0.6705097087378641
1.5,4.5,18,7.536,11.437788261495884,0.4791111111111111,0.6642020948860136
1.5,4.5,19,7.652,11.437788261495884,0.47955555555555557,0.6539393939393939
1.5,4.5,20,7.948,11.437788261495884,0.5017777777777778,0.669632265717675
1.5,4.5,21,8.108,11.437788261495884,0.508,0.6836124401913876
1.5,4.5,22,8.164,11.437788261495884,0.5071111111111111,0.6974327628361858
1.5,4.5,23,7.898,11.437788261495884,0.49333333333333335,0.6682721252257676
1.5,4.5,24,8.044,11.437788261495884,0.5026666666666667,0.6784643071385723
1.5,4.5,25,8.13,11.437788261495884,0.508,0.6944106925880923
1.5,4.5,26,7.846,11.437788261495884,0.4928888888888889,0.6632775119617225
1.5,4.5,27,8.214,11.437788261495884,0.5102222222222222,0.6932367149758454
1.5,4.5,28,7.836,11.437788261495884,0.488,0.6875391358797746
1.5,4.5,29,7.912,11.437788261495884,0.5026666666666667,0.6825588412794207
1.5,5.0,0,8.682,12.708653623884317,0.4892,0.6522666666666667
1.5,5.0,1,8.252,12.708653623884317,0.4668,0.6465373961218837
1.5,5.0,2,8.628,12.708653623884317,0.4896,0.6555972147830744
1.5,5.0,3,8.734,12.708653623884317,0.4908,0.6526595744680851
1.5,5.0,4,8.288,12.708653623884317,0.474,0.6454248366013072
1.5,5.0,5,8.482,12.708653623884317,0.4756,0.6576327433628318
1.5,5.0,6,8.846,12.708653623884317,0.5004,0.6612050739957717
1.5,5.0,7,8.702,12.708653623884317,0.4944,0.653276955602537
1.5,5.0,8,8.79,12.708653623884317,0.49,0.6664853101196954
1.5,5.0,9,8.736,12.708653623884317,0.4964,0.6675632060247445
1.5,5.0,10,8.91,12.708653623884317,0.504,0.6670195870831127
1.5,5.0,11,8.872,12.708653623884317,0.4992,0.6624203821656051
1.5,5.0,12,8.584,12.708653623884317,0.476,0.6422018348623854
1.5,5.0,13,8.514,12.708653623884317,0.4692,0.660472972972973
1.5,5.0,14,8.866,12.708653623884317,0.4936,0.6556854410201913
1.5,5.0,15,8.572,12.708653623884317,0.4808,0.6497297297297298
1.5,5.0,16,8.848,12.708653623884317,0.4948,0.6614973262032086
1.5,5.0,17,8.662,12.708653623884317,0.4936,0.6467505241090147
1.5,5.0,18,8.428,12.708653623884317,0.4756,0.6274406332453826
1.5,5.0,19,8.83,12.708653623884317,0.4904,0.662344678552134
1.5,5.0,20,8.338,12.708653623884317,0.4736,0.6410395235517055
1.5,5.0,21,8.72,12.708653623884317,0.488,0.6534547402249599
1.5,5.0,22,8.73,12.708653623884317,0.4924,0.6533970276008493
1.5,5.0,23,8.804,12.708653623884317,0.4944,0.67430441898527
1.5,5.0,24,8.23,12.708653623884317,0.4672,0.6392993979200876
1.5,5.0,25,8.734,12.708653623884317,0.5008,0.6548117154811716
1.5,5.0,26,8.648,12.708653623884317,0.4828,0.6556219445953286
1.5,5.0,27,8.452,12.708653623884317,0.478,0.6526488257782632
1.5,5.0,28,8.808,12.708653623884317,0.496,0.6595744680851063
1.5,5.0,29,8.57,12.708653623884317,0.4816,0.6640926640926641
2.0,0.5,0,1.162,1.1998882902932915,0.692,0.9105263157894737
2.0,0.5,1,1.15,1.1998882902932915,0.66,0.9166666666666666
2.0,0.5,2,1.132,1.1998882902932915,0.676,0.9441340782122905
2.0,0.5,3,1.22,1.1998882902932915,0.708,0.946524064171123
2.0,0.5,4,1.108,1.1998882902932915,0.668,0.9382022471910112
2.0,0.5,5,1.212,1.1998882902932915,0.712,0.956989247311828
2.0,0.5,6,1.05,1.1998882902932915,0.656,0.9371428571428572
2.0,0.5,7,1.208,1.1998882902932915,0.684,0.9771428571428571
2.0,0.5,8,1.072,1.1998882902932915,0.648,0.9364161849710982
2.0,0.5,9,1.166,1.1998882902932915,0.684,0.9344262295081968
2.0,0.5,10,1.142,1.1998882902932915,0.692,0.9505494505494505
2.0,0.5,11,1.194,1.1998882902932915,0.692,0.9558011049723757
2.0,0.5,12,1.078,1.1998882902932915,0.664,0.9120879120879121
2.0,0.5,13,1.1,1.1998882902932915,0.684,0.9447513812154696
2.0,0.5,14,1.204,1.1998882902932915,0.68,0.9550561797752809
2.0,0.5,15,1.168,1.1998882902932915,0.692,0.9558011049723757
2.0,0.5,16,1.124,1.1998882902932915,0.684,0.9193548387096774
2.0,0.5,17,1.106,1.1998882902932915,0.672,0.9438202247191011
2.0,0.5,18,1.072,1.1998882902932915,0.648,0.9
2.0,0.5,19,1.108,1.1998882902932915,0.648,0.9418604651162791
2.0,0.5,20,1.122,1.1998882902932915,0.664,0.9485714285714286
2.0,0.5,21,1.156,1.1998882902932915,0.696,0.9508196721311475
2.0,0.5,22,1.178,1.1998882902932915,0.684,0.9447513812154696
2.0,0.5,23,1.198,1.1998882902932915,0.708,0.9619565217391305
2.0,0.5,24,1.19,1.1998882902932915,0.688,0.91005291005291
2.0,0.5,25,1.254,1.1998882902932915,0.74,0.9736842105263158
2.0,0.5,26,1.24,1.1998882902932915,0.712,0.9368421052631579
2.0,0.5,27,1.108,1.1998882902932915,0.668,0.9488636363636364
2.0,0.5,28,1.182,1.1998882902932915,0.7,0.9722222222222222
2.0,0.5,29,1.172,1.1998882902932915,0.688,0.945054945054945
2.0,1.0,0,2.05,2.399776580586583,0.634,0.924198250728863
2.0,1.0,1,2.152,2.399776580586583,0.632,0.8802228412256268
2.0,1.0,2,2.218,2.399776580586583,0.64,0.8839779005524862
2.0,1.0,3,2.202,2.399776580586583,0.642,0.8582887700534759
2.0,1.0,4,2.184,2.399776580586583,0.634,0.9031339031339032
2.0,1.0,5,2.206,2.399776580586583,0.654,0.872
2.0,1.0,6,2.124,2.399776580586583,0.632,0.8876404494382022
2.0,1.0,7,2.058,2.399776580586583,0.624,0.9043478260869565
2.0,1.0,8,2.312,2.399776580586583,0.676,0.8918205804749341
2.0,1.0,9,2.112,2.399776580586583,0.648,0.8828337874659401
2.0,1.0,10,2.284,2.399776580586583,0.67,0.9128065395095368
2.0,1.0,11,2.214,2.399776580586583,0.668,0.8978494623655914
2.0,1.0,12,2.1,2.399776580586583,0.622,0.8662952646239555
2.0,1.0,13,2.148,2.399776580586583,0.632,0.9159420289855073
2.0,1.0,14,2.086,2.399776580586583,0.634,0.8708791208791209
2.0,1.0,15,2.26,2.399776580586583,0.66,0.8943089430894309
2.0,1.0,16,2.318,2.399776580586583,0.678,0.901595744680851
2.0,1.0,17,2.264,2.399776580586583,0.648,0.8925619834710744
2.0,1.0,18,2.154,2.399776580586583,0.646,0.8801089918256131
2.0,1.0,19,2.116,2.399776580586583,0.632,0.88268156424581
2.0,1.0,20,2.242,2.399776580586583,0.676,0.8802083333333334
2.0,1.0,21,2.128,2.399776580586583,0.62,0.8985507246376812
2.0,1.0,22,2.194,2.399776580586583,0.666,0.8975741239892183
2.0,1.0,23,2.294,2.399776580586583,0.69,0.9078947368421053
2.0,1.0,24,2.278,2.399776580586583,0.664,0.8829787234042553
2.0,1.0,25,2.074,2.399776580586583,0.624,0.8788732394366198
2.0,1.0,26,2.096,2.399776580586583,0.618,0.8982558139534884
2.0,1.0,27,2.158,2.399776580586583,0.622,0.8911174785100286
2.0,1.0,28,2.138,2.399776580586583,0.636,0.9008498583569405
2.0,1.0,29,2.168,2.399776580586583,0.638,0.9088319088319088
2.0,1.5,0,2.998,3.5996648708798746,0.58,0.8115671641791045
2.0,1.5,1,3.118,3.5996648708798746,0.608,0.8397790055248618
2.0,1.5,2,3.0,3.5996648708798746,0.5946666666666667,0.8243992606284658
2.0,1.5,3,3.098,3.5996648708798746,0.608,0.8366972477064221
2.0,1.5,4,3.278,3.5996648708798746,0.6333333333333333,0.8558558558558559
2.0,1.5,5,3.19,3.5996648708798746,0.6173333333333333,0.8448905109489051
2.0,1.5,6,3.16,3.5996648708798746,0.616,0.8651685393258427
2.0,1.5,7,3.262,3.5996648708798746,0.636,0.8641304347826086
2.0,1.5,8,3.014,3.5996648708798746,0.5946666666666667,0.839924670433145
2.0,1.5,9,3.03,3.5996648708798746,0.5893333333333334,0.8230912476722533
2.0,1.5,10,3.15,3.5996648708798746,0.6293333333333333,0.8383658969804618
2.0,1.5,11,3.236,3.5996648708798746,0.6266666666666667,0.8576642335766423
2.0,1.5,12,3.13,3.5996648708798746,0.616,0.8446069469835467
2.0,1.5,13,3.326,3.5996648708798746,0.6413333333333333,0.8777372262773723
2.0,1.5,14,3.122,3.5996648708798746,0.62,0.8724202626641651
2.0,1.5,15,2.966,3.5996648708798746,0.5773333333333334,0.8523622047244095
2.0,1.5,16,3.148,3.5996648708798746,0.6106666666666667,0.8434622467771639
2.0,1.5,17,3.122,3.5996648708798746,0.608,0.8351648351648352
2.0,1.5,18,3.33,3.5996648708798746,0.6493333333333333,0.8680926916221033
2.0,1.5,19,2.948,3.5996648708798746,0.5786666666666667,0.8460038986354775
2.0,1.5,20,3.204,3.5996648708798746,0.612,0.8579439252336448
2.0,1.5,21,3.262,3.5996648708798746,0.644,0.8385416666666666
2.0,1.5,22,3.212,3.5996648708798746,0.6186666666666667,0.8436363636363636
2.0,1.5,23,3.048,3.5996648708798746,0.592,0.8252788104089219
2.0,1.5,24,3.048,3.5996648708798746,0.5973333333333334,0.8699029126213592
2.0,1.5,25,3.126,3.5996648708798746,0.6066666666666667,0.8441558441558441
2.0,1.5,26,3.152,3.5996648708798746,0.628,0.8548094373865699
2.0,1.5,27,3.086,3.5996648708798746,0.6093333333333333,0.851024208566108
2.0,1.5,28,3.138,3.5996648708798746,0.6293333333333333,0.8566243194192378
2.0,1.5,29,3.12,3.5996648708798746,0.6066666666666667,0.8552631578947368
2.0,2.0,0,3.824,4.799553161173166,0.57,0.8177905308464849
2.0,2.0,1,4.164,4.799553161173166,0.608,0.8183041722745625
2.0,2.0,2,3.782,4.799553161173166,0.571,0.8145506419400856
2.0,2.0,3,4.064,4.799553161173166,0.607,0.8349381017881705
2.0,2.0,4,4.058,4.799553161173166,0.589,0.8180555555555555
2.0,2.0,5,3.936,4.799553161173166,0.573,0.809322033898305
2.0,2.0,6,3.948,4.799553161173166,0.573,0.8116147308781869
2.0,2.0,7,3.824,4.799553161173166,0.552,0.812960235640648
2.0,2.0,8,3.942,4.799553161173166,0.569,0.8036723163841808
2.0,2.0,9,4.09,4.799553161173166,0.586,0.8207282913165266
2.0,2.0,10,3.918,4.799553161173166,0.575,0.8075842696629213
2.0,2.0,11,4.154,4.799553161173166,0.601,0.8188010899182562
2.0,2.0,12,3.958,4.799553161173166,0.58,0.807799442896936
2.0,2.0,13,3.906,4.799553161173166,0.585,0.7884097035040432
2.0,2.0,14,4.206,4.799553161173166,0.625,0.8389261744966443
2.0,2.0,15,3.984,4.799553161173166,0.601,0.8121621621621622
2.0,2.0,16,4.158,4.799553161173166,0.604,0.8240109140518418
2.0,2.0,17,3.96,4.799553161173166,0.589,0.8354609929078014
2.0,2.0,18,4.006,4.799553161173166,0.583,0.8234463276836158
2.0,2.0,19,4.104,4.799553161173166,0.607,0.8114973262032086
2.0,2.0,20,3.776,4.799553161173166,0.561,0.8142235123367199
2.0,2.0,21,3.986,4.799553161173166,0.574,0.818830242510699
2.0,2.0,22,3.864,4.799553161173166,0.571,0.8145506419400856
2.0,2.0,23,3.96,4.799553161173166,0.584,0.8066298342541437
2.0,2.0,24,4.054,4.799553161173166,0.588,0.7913862718707941
2.0,2.0,25,4.03,4.799553161173166,0.592,0.8154269972451791
2.0,2.0,26,4.044,4.799553161173166,0.605,0.8208955223880597
2.0,2.0,27,3.848,4.799553161173166,0.565,0.8048433048433048
2.0,2.0,28,3.894,4.799553161173166,0.579,0.7931506849315069
2.0,2.0,29,3.944,4.799553161173166,0.577,0.8036211699164345
2.0,2.5,0,4.824,5.999441451466457,0.5712,0.7828947368421053
2.0,2.5,1,4.824,5.999441451466457,0.5608,0.7956867196367764
2.0,2.5,2,4.632,5.999441451466457,0.5416,0.770193401592719
2.0,2.5,3,4.692,5.999441451466457,0.5504,0.7889908256880734
2.0,2.5,4,4.694,5.999441451466457,0.5512,0.7856328392246295
2.0,2.5,5,4.852,5.999441451466457,0.5584,0.7670329670329671
2.0,2.5,6,4.878,5.999441451466457,0.5768,0.7761033369214209
2.0,2.5,7,4.83,5.999441451466457,0.556,0.7861990950226244
2.0,2.5,8,4.772,5.999441451466457,0.5632,0.7822222222222223
2.0,2.5,9,4.792,5.999441451466457,0.5512,0.7785310734463277
2.0,2.5,10,4.672,5.999441451466457,0.552,0.7867730900798175
2.0,2.5,11,4.48,5.999441451466457,0.5336,0.7614155251141552
2.0,2.5,12,4.708,5.999441451466457,0.5488,0.7725225225225225
2.0,2.5,13,4.764,5.999441451466457,0.5616,0.7968217934165721
2.0,2.5,14,4.792,5.999441451466457,0.5544,0.7725752508361204
2.0,2.5,15,4.834,5.999441451466457,0.5552,0.7895335608646189
2.0,2.5,16,4.87,5.999441451466457,0.5624,0.7828507795100222
2.0,2.5,17,4.898,5.999441451466457,0.5688,0.778751369112815
2.0,2.5,18,4.8,5.999441451466457,0.5512,0.7829545454545455
2.0,2.5,19,4.764,5.999441451466457,0.5592,0.7749445676274944
2.0,2.5,20,4.792,5.999441451466457,0.556,0.7961053837342497
2.0,2.5,21,4.724,5.999441451466457,0.5504,0.7835990888382688
2.0,2.5,22,4.928,5.999441451466457,0.5696,0.8100113765642776
2.0,2.5,23,4.79,5.999441451466457,0.5696,0.7850055126791621
2.0,2.5,24,4.88,5.999441451466457,0.5608,0.7849944008958567
2.0,2.5,25,4.648,5.999441451466457,0.5424,0.7475192943770672
2.0,2.5,26,4.78,5.999441451466457,0.568,0.7683982683982684
2.0,2.5,27,4.958,5.999441451466457,0.5608,0.7737306843267108
2.0,2.5,28,4.668,5.999441451466457,0.5376,0.764505119453925
2.0,2.5,29,4.64,5.999441451466457,0.5352,0.7689655172413793
2.0,3.0,0,5.522,7.199329741759749,0.5233333333333333,0.7584541062801933
2.0,3.0,1,5.556,7.199329741759749,0.5466666666666666,0.7627906976744186
2.0,3.0,2,5.456,7.199329741759749,0.5213333333333333,0.7167736021998167
2.0,3.0,3,5.338,7.199329741759749,0.5173333333333333,0.7054545454545454
2.0,3.0,4,5.55,7.199329741759749,0.53,0.7402234636871509
2.0,3.0,5,5.594,7.199329741759749,0.5433333333333333,0.7532347504621072
2.0,3.0,6,5.512,7.199329741759749,0.5326666666666666,0.7337006427915519
2.0,3.0,7,5.616,7.199329741759749,0.5366666666666666,0.7453703703703703
2.0,3.0,8,5.504,7.199329741759749,0.5453333333333333,0.7342908438061041
2.0,3.0,9,5.9,7.199329741759749,0.5633333333333334,0.7949200376293509
2.0,3.0,10,5.394,7.199329741759749,0.5246666666666666,0.7293790546802595
2.0,3.0,11,5.702,7.199329741759749,0.544,0.7527675276752768
2.0,3.0,12,5.278,7.199329741759749,0.5246666666666666,0.7307335190343547
2.0,3.0,13,5.47,7.199329741759749,0.532,0.75
2.0,3.0,14,5.62,7.199329741759749,0.5486666666666666,0.7421100090171325
2.0,3.0,15,5.49,7.199329741759749,0.5406666666666666,0.7326106594399278
2.0,3.0,16,5.302,7.199329741759749,0.528,0.7734375
2.0,3.0,17,5.628,7.199329741759749,0.546,0.7726415094339623
2.0,3.0,18,5.54,7.199329741759749,0.5333333333333333,0.7582938388625592
2.0,3.0,19,5.502,7.199329741759749,0.5286666666666666,0.7460018814675446
2.0,3.0,20,5.528,7.199329741759749,0.5293333333333333,0.72910927456382
2.0,3.0,21,5.494,7.199329741759749,0.528,0.7550047664442326
2.0,3.0,22,5.234,7.199329741759749,0.5106666666666667,0.7295238095238096
2.0,3.0,23,5.584,7.199329741759749,0.5453333333333333,0.7463503649635036
2.0,3.0,24,5.616,7.199329741759749,0.5553333333333333,0.7691597414589104
2.0,3.0,25,5.58,7.199329741759749,0.5406666666666666,0.739963503649635
2.0,3.0,26,5.542,7.199329741759749,0.5313333333333333,0.7540208136234626
2.0,3.0,27,5.56,7.199329741759749,0.5333333333333333,0.7393715341959335
2.0,3.0,28,5.82,7.199329741759749,0.556,0.7644362969752521
2.0,3.0,29,5.566,7.199329741759749,0.538,0.754911131898971
2.0,3.5,0,6.302,8.39921803205304,0.524,0.7237569060773481
2.0,3.5,1,6.382,8.39921803205304,0.5228571428571429,0.7131722525331254
2.0,3.5,2,6.258,8.39921803205304,0.5217142857142857,0.716640502354788
2.0,3.5,3,6.328,8.39921803205304,0.5342857142857143,0.7137404580152672
2.0,3.5,4,6.346,8.39921803205304,0.5337142857142857,0.7354330708661417
2.0,3.5,5,6.108,8.39921803205304,0.5108571428571429,0.710087370929309
2.0,3.5,6,5.88,8.39921803205304,0.4805714285714286,0.6738782051282052
2.0,3.5,7,6.244,8.39921803205304,0.5137142857142857,0.7084318360914106
2.0,3.5,8,6.27,8.39921803205304,0.5114285714285715,0.7223567393058918
2.0,3.5,9,6.038,8.39921803205304,0.5,0.692246835443038
2.0,3.5,10,6.084,8.39921803205304,0.49314285714285716,0.7027687296416938
2.0,3.5,11,6.228,8.39921803205304,0.5137142857142857,0.7112341772151899
2.0,3.5,12,6.032,8.39921803205304,0.492,0.6960388035569928
2.0,3.5,13,6.206,8.39921803205304,0.5228571428571429,0.725614591593973
2.0,3.5,14,6.282,8.39921803205304,0.5148571428571429,0.726027397260274
2.0,3.5,15,6.506,8.39921803205304,0.5354285714285715,0.7263565891472868
2.0,3.5,16,6.386,8.39921803205304,0.5331428571428571,0.7334905660377359
2.0,3.5,17,6.158,8.39921803205304,0.49885714285714283,0.7173377156943304
2.0,3.5,18,6.262,8.39921803205304,0.5262857142857142,0.7062883435582822
2.0,3.5,19,6.298,8.39921803205304,0.5177142857142857,0.7173396674584323
2.0,3.5,20,6.364,8.39921803205304,0.5285714285714286,0.7266300078554595
2.0,3.5,21,6.358,8.39921803205304,0.5205714285714286,0.7388483373884833
2.0,3.5,22,6.432,8.39921803205304,0.5268571428571428,0.7288537549407115
2.0,3.5,23,6.278,8.39921803205304,0.5251428571428571,0.7102009273570324
2.0,3.5,24,6.318,8.39921803205304,0.5194285714285715,0.7272
2.0,3.5,25,6.128,8.39921803205304,0.5125714285714286,0.7102137767220903
2.0,3.5,26,6.244,8.39921803205304,0.524,0.7125097125097125
2.0,3.5,27,6.272,8.39921803205304,0.5148571428571429,0.732520325203252
2.0,3.5,28,6.276,8.39921803205304,0.524,0.7266244057052298
2.0,3.5,29,6.272,8.39921803205304,0.5251428571428571,0.7411290322580645
2.0,4.0,0,6.75,9.599106322346332,0.482,0.6760168302945302
2.0,4.0,1,7.022,9.599106322346332,0.5095,0.6838926174496645
2.0,4.0,2,7.03,9.599106322346332,0.5085,0.7126839523475823
2.0,4.0,3,6.918,9.599106322346332,0.5065,0.6947873799725651
2.0,4.0,4,6.94,9.599106322346332,0.5045,0.6803776129467296
2.0,4.0,5,6.966,9.599106322346332,0.49,0.6791406791406791
2.0,4.0,6,7.046,9.599106322346332,0.5035,0.6845683208701564
2.0,4.0,7,6.752,9.599106322346332,0.494,0.6957746478873239
2.0,4.0,8,6.896,9.599106322346332,0.5015,0.6970118137595552
2.0,4.0,9,7.002,9.599106322346332,0.5045,0.6934707903780069
2.0,4.0,10,6.78,9.599106322346332,0.4845,0.6752613240418118
2.0,4.0,11,6.902,9.599106322346332,0.4905,0.6869747899159664
2.0,4.0,12,6.866,9.599106322346332,0.4855,0.6876770538243626
2.0,4.0,13,6.926,9.599106322346332,0.5065,0.6900544959128065
2.0,4.0,14,6.988,9.599106322346332,0.5,0.7017543859649122
2.0,4.0,15,6.764,9.599106322346332,0.481,0.6891117478510028
2.0,4.0,16,6.84,9.599106322346332,0.493,0.686151704940849
2.0,4.0,17,6.95,9.599106322346332,0.496,0.7005649717514124
2.0,4.0,18,6.902,9.599106322346332,0.4965,0.7052556818181818
2.0,4.0,19,7.04,9.599106322346332,0.509,0.7006194081211287
2.0,4.0,20,6.498,9.599106322346332,0.469,0.664776754075124
2.0,4.0,21,6.96,9.599106322346332,0.5055,0.7226590421729807
2.0,4.0,22,6.966,9.599106322346332,0.513,0.684913217623498
2.0,4.0,23,7.0,9.599106322346332,0.5105,0.7041379310344827
2.0,4.0,24,6.93,9.599106322346332,0.502,0.6881425633995888
2.0,4.0,25,6.862,9.599106322346332,0.5,0.6958942240779401
2.0,4.0,26,6.9,9.599106322346332,0.499,0.6844993141289437
2.0,4.0,27,6.75,9.599106322346332,0.491,0.7044476327116213
2.0,4.0,28,6.908,9.599106322346332,0.5055,0.6863543788187373
2.0,4.0,29,7.224,9.599106322346332,0.5105,0.713487071977638
2.0,4.5,0,7.48,10.798994612639623,0.48133333333333334,0.6689314391599753
2.0,4.5,1,7.574,10.798994612639623,0.48044444444444445,0.660757946210269
2.0,4.5,2,7.562,10.798994612639623,0.4915555555555556,0.6731588557516738
2.0,4.5,3,7.844,10.798994612639623,0.5008888888888889,0.6748502994011976
2.0,4.5,4,7.742,10.798994612639623,0.48933333333333334,0.6911487758945386
2.0,4.5,5,7.582,10.798994612639623,0.484,0.6668707899571341
2.0,4.5,6,7.658,10.798994612639623,0.4866666666666667,0.6701346389228886
2.0,4.5,7,7.222,10.798994612639623,0.45866666666666667,0.6539923954372624
2.0,4.5,8,7.54,10.798994612639623,0.4911111111111111,0.6750152718387293
2.0,4.5,9,7.572,10.798994612639623,0.4862222222222222,0.6790813159528243
2.0,4.5,10,7.316,10.798994612639623,0.4728888888888889,0.6616915422885572
2.0,4.5,11,7.488,10.798994612639623,0.4751111111111111,0.6594694632942628
2.0,4.5,12,7.692,10.798994612639623,0.4915555555555556,0.6682779456193354
2.0,4.5,13,7.242,10.798994612639623,0.45911111111111114,0.6596424010217113
2.0,4.5,14,7.39,10.798994612639623,0.47644444444444445,0.6716791979949874
2.0,4.5,15,7.638,10.798994612639623,0.48133333333333334,0.6751870324189526
2.0,4.5,16,7.622,10.798994612639623,0.48044444444444445,0.6735202492211838
2.0,4.5,17,7.414,10.798994612639623,0.4751111111111111,0.6706398996235885
2.0,4.5,18,7.516,10.798994612639623,0.48088888888888887,0.6835123183828175
2.0,4.5,19,7.39,10.798994612639623,0.47155555555555556,0.6497244335578689
2.0,4.5,20,7.462,10.798994612639623,0.47244444444444444,0.6753494282083863
2.0,4.5,21,7.598,10.798994612639623,0.4902222222222222,0.6692961165048543
2.0,4.5,22,7.63,10.798994612639623,0.492,0.6803933620159803
2.0,4.5,23,7.472,10.798994612639623,0.48,0.6788183532369579
2.0,4.5,24,7.588,10.798994612639623,0.48933333333333334,0.6779556650246306
2.0,4.5,25,7.272,10.798994612639623,0.46755555555555556,0.6809061488673139
2.0,4.5,26,7.418,10.798994612639623,0.4662222222222222,0.6443488943488943
2.0,4.5,27,7.326,10.798994612639623,0.47244444444444444,0.6727848101265823
2.0,4.5,28,7.624,10.798994612639623,0.4928888888888889,0.6807857581338245
2.0,4.5,29,7.266,10.798994612639623,0.468,0.649599012954966
2.0,5.0,0,8.022,11.998882902932914,0.462,0.632183908045977
2.0,5.0,1,7.908,11.998882902932914,0.4528,0.6226622662266227
2.0,5.0,2,7.774,11.998882902932914,0.4516,0.6411130039750143
2.0,5.0,3,8.098,11.998882902932914,0.4616,0.6564277588168373
2.0,5.0,4,7.946,11.998882902932914,0.4592,0.6427771556550952
2.0,5.0,5,8.224,11.998882902932914,0.4696,0.6697090701654307
2.0,5.0,6,8.594,11.998882902932914,0.494,0.6562167906482466
2.0,5.0,7,8.176,11.998882902932914,0.4724,0.6442989634478996
2.0,5.0,8,8.418,11.998882902932914,0.484,0.659400544959128
2.0,5.0,9,8.358,11.998882902932914,0.4788,0.6717171717171717
2.0,5.0,10,7.756,11.998882902932914,0.4456,0.6130985140341222
2.0,5.0,11,8.088,11.998882902932914,0.4608,0.6482836240855374
2.0,5.0,12,7.964,11.998882902932914,0.46,0.6467941507311586
2.0,5.0,13,8.24,11.998882902932914,0.4712,0.6544444444444445
2.0,5.0,14,7.968,11.998882902932914,0.4516,0.6440387906446092
2.0,5.0,15,8.4,11.998882902932914,0.4752,0.6625766871165644
2.0,5.0,16,7.91,11.998882902932914,0.4488,0.6367763904653803
2.0,5.0,17,8.22,11.998882902932914,0.4712,0.647964796479648
2.0,5.0,18,8.37,11.998882902932914,0.48,0.6607929515418502
2.0,5.0,19,8.262,11.998882902932914,0.4736,0.668548842461886
2.0,5.0,20,8.156,11.998882902932914,0.4736,0.6516235553109522
2.0,5.0,21,8.392,11.998882902932914,0.476,0.6567328918322296
2.0,5.0,22,8.056,11.998882902932914,0.4628,0.666090961427749
2.0,5.0,23,7.952,11.998882902932914,0.4572,0.6516533637400228
2.0,5.0,24,8.248,11.998882902932914,0.4688,0.6565826330532213
2.0,5.0,25,8.192,11.998882902932914,0.4676,0.6582207207207207
2.0,5.0,26,8.114,11.998882902932914,0.4696,0.6500553709856035
2.0,5.0,27,7.838,11.998882902932914,0.456,0.6451612903225806
2.0,5.0,28,7.998,11.998882902932914,0.464,0.6352683461117196
2.0,5.0,29,8.182,11.998882902932914,0.4628,0.6581342434584755
2.5,0.5,0,1.01,1.1366241830339838,0.604,0.9263803680981595
2.5,0.5,1,1.044,1.1366241830339838,0.648,0.9418604651162791
2.5,0.5,2,1.162,1.1366241830339838,0.708,0.9725274725274725
2.5,0.5,3,1.066,1.1366241830339838,0.668,0.9277777777777778
2.5,0.5,4,1.072,1.1366241830339838,0.632,0.9575757575757575
2.5,0.5,5,1.064,1.1366241830339838,0.62,0.9337349397590361
2.5,0.5,6,1.158,1.1366241830339838,0.688,0.9662921348314607
2.5,0.5,7,1.118,1.1366241830339838,0.652,0.9588235294117647
2.5,0.5,8,1.082,1.1366241830339838,0.644,0.936046511627907
2.5,0.5,9,1.15,1.1366241830339838,0.72,0.9473684210526315
2.5,0.5,10,1.192,1.1366241830339838,0.684,0.9447513812154696
2.5,0.5,11,1.08,1.1366241830339838,0.648,0.9418604651162791
2.5,0.5,12,0.998,1.1366241830339838,0.636,0.9636363636363636
2.5,0.5,13,1.062,1.1366241830339838,0.64,0.9195402298850575
2.5,0.5,14,1.034,1.1366241830339838,0.644,0.930635838150289
2.5,0.5,15,1.14,1.1366241830339838,0.68,0.9659090909090909
2.5,0.5,16,1.032,1.1366241830339838,0.656,0.8913043478260869
2.5,0.5,17,1.074,1.1366241830339838,0.684,0.9553072625698324
2.5,0.5,18,1.094,1.1366241830339838,0.668,0.9329608938547486
2.5,0.5,19,1.192,1.1366241830339838,0.72,0.9278350515463918
2.5,0.5,20,1.148,1.1366241830339838,0.692,0.9105263157894737
2.5,0.5,21,0.998,1.1366241830339838,0.604,0.9320987654320988
2.5,0.5,22,1.052,1.1366241830339838,0.64,0.9302325581395349
2.5,0.5,23,1.208,1.1366241830339838,0.672,0.9230769230769231
2.5,0.5,24,1.184,1.1366241830339838,0.688,0.9555555555555556
2.5,0.5,25,1.142,1.1366241830339838,0.688,0.9247311827956989
2.5,0.5,26,1.08,1.1366241830339838,0.628,0.9235294117647059
2.5,0.5,27,1.096,1.1366241830339838,0.656,0.9265536723163842
2.5,0.5,28,1.094,1.1366241830339838,0.668,0.9542857142857143
2.5,0.5,29,1.186,1.1366241830339838,0.724,0.9627659574468085
2.5,1.0,0,2.128,2.2732483660679677,0.636,0.8808864265927978
2.5,1.0,1,2.082,2.2732483660679677,0.624,0.9043478260869565
2.5,1.0,2,1.956,2.2732483660679677,0.586,0.8720238095238095
2.5,1.0,3,1.982,2.2732483660679677,0.578,0.8892307692307693
2.5,1.0,4,2.122,2.2732483660679677,0.644,0.8821917808219178
2.5,1.0,5,2.126,2.2732483660679677,0.654,0.8934426229508197
2.5,1.0,6,2.106,2.2732483660679677,0.624,0.8764044943820225
2.5,1.0,7,2.062,2.2732483660679677,0.626,0.9046242774566474
2.5,1.0,8,1.936,2.2732483660679677,0.604,0.8703170028818443
2.5,1.0,9,2.062,2.2732483660679677,0.628,0.8895184135977338
2.5,1.0,10,1.888,2.2732483660679677,0.582,0.8871951219512195
2.5,1.0,11,2.002,2.2732483660679677,0.614,0.8950437317784257
2.5,1.0,12,2.086,2.2732483660679677,0.622,0.9093567251461988
2.5,1.0,13,1.932,2.2732483660679677,0.588,0.8647058823529412
2.5,1.0,14,2.068,2.2732483660679677,0.636,0.9008498583569405
2.5,1.0,15,2.11,2.2732483660679677,0.626,0.8942857142857142
2.5,1.0,16,1.99,2.2732483660679677,0.596,0.8688046647230321
2.5,1.0,17,2.196,2.2732483660679677,0.632,0.8753462603878116
2.5,1.0,18,1.988,2.2732483660679677,0.602,0.8931750741839762
2.5,1.0,19,1.944,2.2732483660679677,0.602,0.887905604719764
2.5,1.0,20,2.102,2.2732483660679677,0.634,0.8954802259887006
2.5,1.0,21,2.216,2.2732483660679677,0.644,0.875
2.5,1.0,22,1.952,2.2732483660679677,0.614,0.8796561604584527
2.5,1.0,23,2.114,2.2732483660679677,0.62,0.9037900874635568
2.5,1.0,24,1.908,2.2732483660679677,0.584,0.8984615384615384
2.5,1.0,25,2.076,2.2732483660679677,0.628,0.8820224719101124
2.5,1.0,26,1.96,2.2732483660679677,0.584,0.8613569321533924
2.5,1.0,27,1.98,2.2732483660679677,0.606,0.8657142857142858
2.5,1.0,28,1.958,2.2732483660679677,0.586,0.8720238095238095
2.5,1.0,29,2.196,2.2732483660679677,0.652,0.9005524861878453
2.5,1.5,0,2.952,3.4098725491019515,0.5866666666666667,0.8527131782945736
2.5,1.5,1,2.934,3.4098725491019515,0.584,0.8504854368932039
2.5,1.5,2,2.942,3.4098725491019515,0.588,0.8480769230769231
2.5,1.5,3,3.01,3.4098725491019515,0.616,0.8651685393258427
2.5,1.5,4,3.094,3.4098725491019515,0.6066666666666667,0.8766859344894027
2.5,1.5,5,3.1,3.4098725491019515,0.6293333333333333,0.8324514991181657
2.5,1.5,6,3.166,3.4098725491019515,0.632,0.8434163701067615
2.5,1.5,7,2.976,3.4098725491019515,0.5986666666666667,0.8634615384615385
2.5,1.5,8,2.906,3.4098725491019515,0.576,0.8291746641074856
2.5,1.5,9,2.868,3.4098725491019515,0.5786666666666667,0.8314176245210728
2.5,1.5,10,2.812,3.4098725491019515,0.5653333333333334,0.8446215139442231
2.5,1.5,11,2.864,3.4098725491019515,0.584,0.85546875
2.5,1.5,12,2.846,3.4098725491019515,0.5666666666666667,0.830078125
2.5,1.5,13,2.792,3.4098725491019515,0.5693333333333334,0.8275193798449613
2.5,1.5,14,3.17,3.4098725491019515,0.6186666666666667,0.8608534322820037
2.5,1.5,15,3.034,3.4098725491019515,0.5946666666666667,0.8527724665391969
2.5,1.5,16,2.832,3.4098725491019515,0.5786666666666667,0.821969696969697
2.5,1.5,17,2.89,3.4098725491019515,0.5813333333333334,0.8416988416988417
2.5,1.5,18,3.014,3.4098725491019515,0.6146666666666667,0.8568773234200744
2.5,1.5,19,2.966,3.4098725491019515,0.5946666666666667,0.861003861003861
2.5,1.5,20,3.112,3.4098725491019515,0.6066666666666667,0.8666666666666667
2.5,1.5,21,2.892,3.4098725491019515,0.5946666666666667,0.8352059925093633
2.5,1.5,22,2.826,3.4098725491019515,0.5693333333333334,0.8148854961832062
2.5,1.5,23,2.89,3.4098725491019515,0.576,0.8404669260700389
2.5,1.5,24,2.994,3.4098725491019515,0.5986666666666667,0.8455743879472694
2.5,1.5,25,2.928,3.4098725491019515,0.58,0.8413926499032882
2.5,1.5,26,2.96,3.4098725491019515,0.596,0.8402255639097744
2.5,1.5,27,2.848,3.4098725491019515,0.5813333333333334,0.8352490421455939
2.5,1.5,28,2.968,3.4098725491019515,0.5906666666666667,0.8390151515151515
2.5,1.5,29,2.85,3.4098725491019515,0.5866666666666667,0.8560311284046692
2.5,2.0,0,3.89,4.546496732135935,0.565,0.7968970380818053
2.5,2.0,1,3.906,4.546496732135935,0.573,0.8070422535211268
2.5,2.0,2,3.842,4.546496732135935,0.579,0.7942386831275721
2.5,2.0,3,3.682,4.546496732135935,0.564,0.7844228094575799
2.5,2.0,4,3.672,4.546496732135935,0.543,0.7790530846484935
2.5,2.0,5,3.782,4.546496732135935,0.569,0.7980364656381487
2.5,2.0,6,3.792,4.546496732135935,0.565,0.7891061452513967
2.5,2.0,7,3.824,4.546496732135935,0.565,0.8164739884393064
2.5,2.0,8,3.814,4.546496732135935,0.574,0.8107344632768362
2.5,2.0,9,3.922,4.546496732135935,0.58,0.830945558739255
2.5,2.0,10,3.946,4.546496732135935,0.576,0.8089887640449438
2.5,2.0,11,3.842,4.546496732135935,0.561,0.8060344827586207
2.5,2.0,12,3.712,4.546496732135935,0.56,0.7876230661040787
2.5,2.0,13,3.808,4.546496732135935,0.571,0.8204022988505747
2.5,2.0,14,3.882,4.546496732135935,0.583,0.803030303030303
2.5,2.0,15,3.866,4.546496732135935,0.573,0.809322033898305
2.5,2.0,16,3.82,4.546496732135935,0.566,0.8238719068413392
2.5,2.0,17,3.606,4.546496732135935,0.532,0.8222565687789799
2.5,2.0,18,3.772,4.546496732135935,0.571,0.827536231884058
2.5,2.0,19,3.762,4.546496732135935,0.561,0.8373134328358209
2.5,2.0,20,3.772,4.546496732135935,0.569,0.7991573033707865
2.5,2.0,21,3.632,4.546496732135935,0.545,0.7853025936599424
2.5,2.0,22,3.676,4.546496732135935,0.546,0.7890173410404624
2.5,2.0,23,3.862,4.546496732135935,0.591,0.8162983425414365
2.5,2.0,24,3.692,4.546496732135935,0.557,0.8251851851851851
2.5,2.0,25,4.01,4.546496732135935,0.599,0.8273480662983426
2.5,2.0,26,3.92,4.546496732135935,0.589,0.8260869565217391
2.5,2.0,27,3.826,4.546496732135935,0.559,0.8101449275362319
2.5,2.0,28,3.84,4.546496732135935,0.559,0.797432239657632
2.5,2.0,29,3.72,4.546496732135935,0.558,0.8157894736842105
2.5,2.5,0,4.636,5.683120915169919,0.5528,0.7870159453302962
2.5,2.5,1,4.544,5.683120915169919,0.54,0.7723112128146453
2.5,2.5,2,4.536,5.683120915169919,0.54,0.7723112128146453
2.5,2.5,3,4.634,5.683120915169919,0.5472,0.7935034802784223
2.5,2.5,4,4.556,5.683120915169919,0.544,0.7852193995381063
2.5,2.5,5,4.45,5.683120915169919,0.5384,0.7717889908256881
2.5,2.5,6,4.746,5.683120915169919,0.5728,0.7765726681127982
2.5,2.5,7,4.324,5.683120915169919,0.5144,0.7485448195576252
2.5,2.5,8,4.466,5.683120915169919,0.5352,0.7680826636050516
2.5,2.5,9,4.656,5.683120915169919,0.5456,0.7758816837315131
2.5,2.5,10,4.374,5.683120915169919,0.5216,0.7752675386444708
2.5,2.5,11,4.396,5.683120915169919,0.516,0.7696897374701671
2.5,2.5,12,4.47,5.683120915169919,0.54,0.7731958762886598
2.5,2.5,13,4.274,5.683120915169919,0.5184,0.7705112960760999
2.5,2.5,14,4.418,5.683120915169919,0.524,0.7696827262044653
2.5,2.5,15,4.632,5.683120915169919,0.5496,0.7727784026996626
2.5,2.5,16,4.474,5.683120915169919,0.5392,0.7556053811659192
2.5,2.5,17,4.496,5.683120915169919,0.5368,0.7784222737819025
2.5,2.5,18,4.494,5.683120915169919,0.5272,0.7636152954808807
2.5,2.5,19,4.44,5.683120915169919,0.5384,0.7656427758816837
2.5,2.5,20,4.478,5.683120915169919,0.5288,0.7659327925840093
2.5,2.5,21,4.552,5.683120915169919,0.5464,0.7886836027713626
2.5,2.5,22,4.848,5.683120915169919,0.5664,0.7884187082405345
2.5,2.5,23,4.39,5.683120915169919,0.54,0.7644394110985278
2.5,2.5,24,4.554,5.683120915169919,0.548,0.7837528604118993
2.5,2.5,25,4.594,5.683120915169919,0.5456,0.7785388127853882
2.5,2.5,26,4.404,5.683120915169919,0.5144,0.7627520759193357
2.5,2.5,27,4.544,5.683120915169919,0.5512,0.7811791383219955
2.5,2.5,28,4.512,5.683120915169919,0.5328,0.7602739726027398
2.5,2.5,29,4.592,5.683120915169919,0.5544,0.7777777777777778
2.5,3.0,0,5.394,6.819745098203903,0.5286666666666666,0.7581261950286807
2.5,3.0,1,5.152,6.819745098203903,0.522,0.7365945437441204
2.5,3.0,2,5.104,6.819745098203903,0.5206666666666667,0.7438095238095238
2.5,3.0,3,5.116,6.819745098203903,0.506,0.7256214149139579
2.5,3.0,4,5.366,6.819745098203903,0.5333333333333333,0.7590132827324478
2.5,3.0,5,5.364,6.819745098203903,0.5266666666666666,0.7538167938931297
2.5,3.0,6,5.406,6.819745098203903,0.538,0.7493036211699164
2.5,3.0,7,5.318,6.819745098203903,0.526,0.7564717162032598
2.5,3.0,8,5.046,6.819745098203903,0.5,0.7225433526011561
2.5,3.0,9,5.538,6.819745098203903,0.5466666666666666,0.7516040329972502
2.5,3.0,10,5.16,6.819745098203903,0.5153333333333333,0.7418426103646834
2.5,3.0,11,5.41,6.819745098203903,0.5286666666666666,0.735621521335807
2.5,3.0,12,5.102,6.819745098203903,0.5046666666666667,0.7392578125
2.5,3.0,13,5.116,6.819745098203903,0.5,0.7477567298105683
2.5,3.0,14,5.186,6.819745098203903,0.5186666666666667,0.7325800376647834
2.5,3.0,15,5.108,6.819745098203903,0.504,0.75
2.5,3.0,16,5.222,6.819745098203903,0.5193333333333333,0.7497593840230992
2.5,3.0,17,5.172,6.819745098203903,0.514,0.7287334593572778
2.5,3.0,18,5.362,6.819745098203903,0.5393333333333333,0.7603383458646616
2.5,3.0,19,5.108,6.819745098203903,0.5,0.7288629737609329
2.5,3.0,20,5.212,6.819745098203903,0.5153333333333333,0.7483059051306873
2.5,3.0,21,5.314,6.819745098203903,0.5286666666666666,0.7603068072866731
2.5,3.0,22,5.166,6.819745098203903,0.5013333333333333,0.7379784102060843
2.5,3.0,23,5.086,6.819745098203903,0.5106666666666667,0.7274453941120608
2.5,3.0,24,5.122,6.819745098203903,0.5106666666666667,0.7379576107899807
2.5,3.0,25,5.204,6.819745098203903,0.5253333333333333,0.7235996326905417
2.5,3.0,26,5.284,6.819745098203903,0.5293333333333333,0.7317972350230415
2.5,3.0,27,5.278,6.819745098203903,0.52,0.7400379506641366
2.5,3.0,28,5.33,6.819745098203903,0.5186666666666667,0.7582846003898636
2.5,3.0,29,5.418,6.819745098203903,0.5273333333333333,0.743421052631579
2.5,3.5,0,5.94,7.956369281237887,0.5028571428571429,0.7260726072607261
2.5,3.5,1,5.718,7.956369281237887,0.4845714285714286,0.7049044056525353
2.5,3.5,2,6.092,7.956369281237887,0.5205714285714286,0.7173228346456693
2.5,3.5,3,6.124,7.956369281237887,0.5171428571428571,0.732200647249191
2.5,3.5,4,5.96,7.956369281237887,0.5091428571428571,0.7139423076923077
2.5,3.5,5,5.99,7.956369281237887,0.5011428571428571,0.748932536293766
2.5,3.5,6,5.898,7.956369281237887,0.4948571428571429,0.7110016420361248
2.5,3.5,7,5.892,7.956369281237887,0.4977142857142857,0.701853344077357
2.5,3.5,8,5.92,7.956369281237887,0.5022857142857143,0.6987281399046105
2.5,3.5,9,5.9,7.956369281237887,0.5034285714285714,0.7127831715210357
2.5,3.5,10,5.848,7.956369281237887,0.49657142857142855,0.7164056059356966
2.5,3.5,11,5.938,7.956369281237887,0.5051428571428571,0.7257799671592775
2.5,3.5,12,5.456,7.956369281237887,0.4685714285714286,0.7008547008547008
2.5,3.5,13,6.048,7.956369281237887,0.5034285714285714,0.7245065789473685
2.5,3.5,14,5.6,7.956369281237887,0.4817142857142857,0.6966942148760331
2.5,3.5,15,5.858,7.956369281237887,0.49942857142857144,0.7128874388254486
2.5,3.5,16,5.766,7.956369281237887,0.4948571428571429,0.7057864710676447
2.5,3.5,17,5.936,7.956369281237887,0.496,0.7132292522596549
2.5,3.5,18,5.622,7.956369281237887,0.48,0.6970954356846473
2.5,3.5,19,5.906,7.956369281237887,0.49942857142857144,0.7283333333333334
2.5,3.5,20,5.724,7.956369281237887,0.4845714285714286,0.7132043734230445
2.5,3.5,21,5.848,7.956369281237887,0.492,0.7092257001647446
2.5,3.5,22,5.752,7.956369281237887,0.48742857142857143,0.6890145395799677
2.5,3.5,23,5.84,7.956369281237887,0.49885714285714283,0.7250830564784053
2.5,3.5,24,6.106,7.956369281237887,0.5177142857142857,0.719047619047619
2.5,3.5,25,5.876,7.956369281237887,0.4977142857142857,0.7104404567699837
2.5,3.5,26,6.08,7.956369281237887,0.5125714285714286,0.7164536741214057
2.5,3.5,27,6.088,7.956369281237887,0.5148571428571429,0.70390625
2.5,3.5,28,6.11,7.956369281237887,0.5142857142857142,0.7194244604316546
2.5,3.5,29,6.034,7.956369281237887,0.5097142857142857,0.7153167602245389
2.5,4.0,0,6.348,9.09299346427187,0.477,0.6888086642599278
2.5,4.0,1,6.564,9.09299346427187,0.4755,0.6788008565310493
2.5,4.0,2,6.748,9.09299346427187,0.5025,0.6964656964656964
2.5,4.0,3,6.38,9.09299346427187,0.4755,0.6749467707594038
2.5,4.0,4,6.118,9.09299346427187,0.4515,0.6644591611479028
2.5,4.0,5,6.464,9.09299346427187,0.47,0.6973293768545994
2.5,4.0,6,6.484,9.09299346427187,0.4735,0.683754512635379
2.5,4.0,7,6.446,9.09299346427187,0.474,0.6781115879828327
2.5,4.0,8,6.82,9.09299346427187,0.4855,0.7166051660516605
2.5,4.0,9,6.524,9.09299346427187,0.4705,0.6687988628287136
2.5,4.0,10,6.474,9.09299346427187,0.4795,0.6889367816091954
2.5,4.0,11,6.312,9.09299346427187,0.466,0.684287812041116
2.5,4.0,12,6.6,9.09299346427187,0.489,0.7107558139534884
2.5,4.0,13,6.558,9.09299346427187,0.4835,0.6863023420865862
2.5,4.0,14,6.56,9.09299346427187,0.481,0.7047619047619048
2.5,4.0,15,6.598,9.09299346427187,0.476,0.6814602720114531
2.5,4.0,16,6.67,9.09299346427187,0.493,0.6904761904761905
2.5,4.0,17,6.568,9.09299346427187,0.4945,0.7034139402560455
2.5,4.0,18,6.744,9.09299346427187,0.488,0.7108521485797523
2.5,4.0,19,6.62,9.09299346427187,0.4845,0.6951219512195121
2.5,4.0,20,6.442,9.09299346427187,0.4775,0.6773049645390071
2.5,4.0,21,6.37,9.09299346427187,0.4765,0.6782918149466192
2.5,4.0,22,6.556,9.09299346427187,0.4815,0.6824946846208363
2.5,4.0,23,6.506,9.09299346427187,0.4825,0.7013081395348837
2.5,4.0,24,6.326,9.09299346427187,0.4665,0.6770682148040639
2.5,4.0,25,6.454,9.09299346427187,0.4625,0.6913303437967115
2.5,4.0,26,6.424,9.09299346427187,0.4745,0.6856936416184971
2.5,4.0,27,6.542,9.09299346427187,0.4775,0.687544996400288
2.5,4.0,28,6.472,9.09299346427187,0.47,0.6886446886446886
2.5,4.0,29,6.318,9.09299346427187,0.47,0.6866325785244705
2.5,4.5,0,7.222,10.229617647305854,0.4653333333333333,0.6789883268482491
2.5,4.5,1,7.02,10.229617647305854,0.46044444444444443,0.680236375574524
2.5,4.5,2,7.058,10.229617647305854,0.4631111111111111,0.6662404092071611
2.5,4.5,3,7.156,10.229617647305854,0.4702222222222222,0.6608369768894441
2.5,4.5,4,6.942,10.229617647305854,0.45955555555555555,0.660702875399361
2.5,4.5,5,7.248,10.229617647305854,0.46844444444444444,0.6844155844155844
2.5,4.5,6,6.966,10.229617647305854,0.4568888888888889,0.6416978776529338
2.5,4.5,7,7.446,10.229617647305854,0.4862222222222222,0.6707541385652973
2.5,4.5,8,7.168,10.229617647305854,0.46266666666666667,0.6571969696969697
2.5,4.5,9,7.11,10.229617647305854,0.4577777777777778,0.6723237597911227
2.5,4.5,10,7.298,10.229617647305854,0.4746666666666667,0.6695924764890282
2.5,4.5,11,6.874,10.229617647305854,0.4493333333333333,0.6664469347396177
2.5,4.5,12,7.148,10.229617647305854,0.4702222222222222,0.6675078864353312
2.5,4.5,13,7.508,10.229617647305854,0.4951111111111111,0.6800976800976801
2.5,4.5,14,7.166,10.229617647305854,0.46044444444444443,0.6454828660436137
2.5,4.5,15,7.332,10.229617647305854,0.4817777777777778,0.6728739913097455
2.5,4.5,16,7.21,10.229617647305854,0.4746666666666667,0.6613003095975232
2.5,4.5,17,7.22,10.229617647305854,0.46755555555555556,0.6591478696741855
2.5,4.5,18,7.474,10.229617647305854,0.48,0.6826801517067004
2.5,4.5,19,7.068,10.229617647305854,0.4582222222222222,0.6480201131363922
2.5,4.5,20,7.034,10.229617647305854,0.4568888888888889,0.6514575411913816
2.5,4.5,21,6.992,10.229617647305854,0.45911111111111114,0.6686084142394823
2.5,4.5,22,7.432,10.229617647305854,0.4831111111111111,0.6919159770846595
2.5,4.5,23,6.802,10.229617647305854,0.44177777777777777,0.6467143786597267
2.5,4.5,24,6.922,10.229617647305854,0.45022222222222225,0.6543927648578811
2.5,4.5,25,7.262,10.229617647305854,0.48,0.6679035250463822
2.5,4.5,26,7.062,10.229617647305854,0.4657777777777778,0.6770025839793282
2.5,4.5,27,6.988,10.229617647305854,0.4568888888888889,0.659397049390635
2.5,4.5,28,7.004,10.229617647305854,0.45644444444444443,0.6483585858585859
2.5,4.5,29,7.12,10.229617647305854,0.4648888888888889,0.6662420382165605
2.5,5.0,0,7.406,11.366241830339838,0.4424,0.6276958002270148
2.5,5.0,1,7.932,11.366241830339838,0.47,0.6564245810055865
2.5,5.0,2,7.514,11.366241830339838,0.4336,0.6354044548651817
2.5,5.0,3,7.714,11.366241830339838,0.4552,0.6378923766816144
2.5,5.0,4,7.772,11.366241830339838,0.4616,0.661697247706422
2.5,5.0,5,7.566,11.366241830339838,0.4496,0.6386363636363637
2.5,5.0,6,7.84,11.366241830339838,0.456,0.6551724137931034
2.5,5.0,7,7.754,11.366241830339838,0.4528,0.63954802259887
2.5,5.0,8,7.68,11.366241830339838,0.4468,0.6452917388792605
2.5,5.0,9,7.438,11.366241830339838,0.4428,0.6473684210526316
2.5,5.0,10,7.42,11.366241830339838,0.43,0.6395002974419988
2.5,5.0,11,7.754,11.366241830339838,0.452,0.6402266288951841
2.5,5.0,12,7.454,11.366241830339838,0.436,0.6337209302325582
2.5,5.0,13,7.384,11.366241830339838,0.4256,0.6262507357268982
2.5,5.0,14,7.382,11.366241830339838,0.4416,0.629418472063854
2.5,5.0,15,8.016,11.366241830339838,0.4628,0.6603881278538812
2.5,5.0,16,7.662,11.366241830339838,0.4476,0.6254891000558972
2.5,5.0,17,7.812,11.366241830339838,0.4524,0.6459166190748143
2.5,5.0,18,7.372,11.366241830339838,0.4324,0.62995337995338
2.5,5.0,19,7.484,11.366241830339838,0.4336,0.6298663567693201
2.5,5.0,20,7.674,11.366241830339838,0.4548,0.632017787659811
2.5,5.0,21,7.69,11.366241830339838,0.4532,0.6383098591549295
2.5,5.0,22,7.522,11.366241830339838,0.4392,0.6281464530892449
2.5,5.0,23,7.916,11.366241830339838,0.4604,0.6491821771009588
2.5,5.0,24,7.58,11.366241830339838,0.4412,0.6397911832946636
2.5,5.0,25,7.518,11.366241830339838,0.4424,0.6452742123687282
2.5,5.0,26,7.476,11.366241830339838,0.43,0.6323529411764706
2.5,5.0,27,7.786,11.366241830339838,0.4568,0.6525714285714286
2.5,5.0,28,7.574,11.366241830339838,0.4448,0.6339794754846066
2.5,5.0,29,7.564,11.366241830339838,0.4444,0.6504683840749415
3.0,0.5,0,1.034,1.0821265414773846,0.64,0.9248554913294798
3.0,0.5,1,0.92,1.0821265414773846,0.592,0.9367088607594937
3.0,0.5,2,0.944,1.0821265414773846,0.604,0.9207317073170732
3.0,0.5,3,1.054,1.0821265414773846,0.664,0.9595375722543352
3.0,0.5,4,0.988,1.0821265414773846,0.604,0.94375
3.0,0.5,5,0.98,1.0821265414773846,0.624,0.9454545454545454
3.0,0.5,6,1.054,1.0821265414773846,0.676,0.9337016574585635
3.0,0.5,7,0.918,1.0821265414773846,0.572,0.89375
3.0,0.5,8,0.998,1.0821265414773846,0.632,0.9575757575757575
3.0,0.5,9,1.112,1.0821265414773846,0.68,0.9289617486338798
3.0,0.5,10,1.026,1.0821265414773846,0.616,0.9333333333333333
3.0,0.5,11,1.05,1.0821265414773846,0.652,0.9532163742690059
3.0,0.5,12,1.002,1.0821265414773846,0.632,0.9186046511627907
3.0,0.5,13,0.992,1.0821265414773846,0.596,0.93125
3.0,0.5,14,1.026,1.0821265414773846,0.616,0.9447852760736196
3.0,0.5,15,1.076,1.0821265414773846,0.652,0.9209039548022598
3.0,0.5,16,1.096,1.0821265414773846,0.652,0.9588235294117647
3.0,0.5,17,0.982,1.0821265414773846,0.632,0.9518072289156626
3.0,0.5,18,0.972,1.0821265414773846,0.628,0.9457831325301205
3.0,0.5,19,1.01,1.0821265414773846,0.608,0.9440993788819876
3.0,0.5,20,1.038,1.0821265414773846,0.648,0.9364161849710982
3.0,0.5,21,1.046,1.0821265414773846,0.644,0.930635838150289
3.0,0.5,22,1.03,1.0821265414773846,0.628,0.9457831325301205
3.0,0.5,23,1.056,1.0821265414773846,0.664,0.9540229885057471
3.0,0.5,24,0.978,1.0821265414773846,0.612,0.9444444444444444
3.0,0.5,25,1.084,1.0821265414773846,0.668,0.9329608938547486
3.0,0.5,26,0.938,1.0821265414773846,0.592,0.9548387096774194
3.0,0.5,27,1.046,1.0821265414773846,0.628,0.9235294117647059
3.0,0.5,28,1.012,1.0821265414773846,0.644,0.8994413407821229
3.0,0.5,29,1.072,1.0821265414773846,0.64,0.9411764705882353
3.0,1.0,0,2.092,2.1642530829547693,0.628,0.8746518105849582
3.0,1.0,1,2.022,2.1642530829547693,0.61,0.8944281524926686
3.0,1.0,2,1.976,2.1642530829547693,0.61,0.8918128654970761
3.0,1.0,3,1.942,2.1642530829547693,0.606,0.8885630498533724
3.0,1.0,4,2.048,2.1642530829547693,0.628,0.8870056497175142
3.0,1.0,5,1.948,2.1642530829547693,0.602,0.8801169590643275
3.0,1.0,6,1.96,2.1642530829547693,0.61,0.8918128654970761
3.0,1.0,7,1.962,2.1642530829547693,0.604,0.8908554572271387
3.0,1.0,8,1.952,2.1642530829547693,0.62,0.8933717579250721
3.0,1.0,9,1.946,2.1642530829547693,0.62,0.8933717579250721
3.0,1.0,10,1.936,2.1642530829547693,0.6,0.8645533141210374
3.0,1.0,11,1.954,2.1642530829547693,0.598,0.8567335243553008
3.0,1.0,12,1.912,2.1642530829547693,0.592,0.8530259365994236
3.0,1.0,13,1.958,2.1642530829547693,0.608,0.8862973760932945
3.0,1.0,14,1.946,2.1642530829547693,0.588,0.8963414634146342
3.0,1.0,15,2.022,2.1642530829547693,0.618,0.8879310344827587
3.0,1.0,16,2.054,2.1642530829547693,0.628,0.9181286549707602
3.0,1.0,17,2.044,2.1642530829547693,0.63,0.8974358974358975
3.0,1.0,18,1.964,2.1642530829547693,0.638,0.8935574229691877
3.0,1.0,19,1.916,2.1642530829547693,0.606,0.8859649122807017
3.0,1.0,20,1.904,2.1642530829547693,0.566,0.8422619047619048
3.0,1.0,21,2.014,2.1642530829547693,0.622,0.9014492753623189
3.0,1.0,22,1.852,2.1642530829547693,0.59,0.8858858858858859
3.0,1.0,23,1.946,2.1642530829547693,0.604,0.8603988603988604
3.0,1.0,24,2.002,2.1642530829547693,0.608,0.918429003021148
3.0,1.0,25,2.05,2.1642530829547693,0.63,0.8974358974358975
3.0,1.0,26,1.898,2.1642530829547693,0.592,0.8731563421828908
3.0,1.0,27,1.96,2.1642530829547693,0.604,0.9069069069069069
3.0,1.0,28,1.994,2.1642530829547693,0.594,0.9166666666666666
3.0,1.0,29,1.95,2.1642530829547693,0.604,0.867816091954023
3.0,1.5,0,2.702,3.246379624432154,0.564,0.826171875
3.0,1.5,1,2.78,3.246379624432154,0.548,0.8336713995943205
3.0,1.5,2,2.84,3.246379624432154,0.5746666666666667,0.8602794411177644
3.0,1.5,3,2.828,3.246379624432154,0.5786666666666667,0.839458413926499
3.0,1.5,4,2.742,3.246379624432154,0.5693333333333334,0.8388998035363457
3.0,1.5,5,2.818,3.246379624432154,0.5653333333333334,0.8531187122736419
3.0,1.5,6,2.89,3.246379624432154,0.6013333333333334,0.8382899628252788
3.0,1.5,7,2.77,3.246379624432154,0.5466666666666666,0.8471074380165289
3.0,1.5,8,2.81,3.246379624432154,0.5786666666666667,0.8427184466019417
3.0,1.5,9,2.64,3.246379624432154,0.5506666666666666,0.8480492813141683
3.0,1.5,10,2.73,3.246379624432154,0.56,0.7984790874524715
3.0,1.5,11,2.558,3.246379624432154,0.5386666666666666,0.8211382113821138
3.0,1.5,12,2.708,3.246379624432154,0.576,0.8487229862475442
3.0,1.5,13,2.776,3.246379624432154,0.5786666666666667,0.8509803921568627
3.0,1.5,14,2.876,3.246379624432154,0.584,0.8504854368932039
3.0,1.5,15,2.77,3.246379624432154,0.552,0.8414634146341463
3.0,1.5,16,2.694,3.246379624432154,0.556,0.8424242424242424
3.0,1.5,17,2.828,3.246379624432154,0.5693333333333334,0.8372549019607843
3.0,1.5,18,2.88,3.246379624432154,0.5853333333333334,0.8442307692307692
3.0,1.5,19,2.8,3.246379624432154,0.5773333333333334,0.8391472868217055
3.0,1.5,20,2.688,3.246379624432154,0.5613333333333334,0.8369781312127237
3.0,1.5,21,2.712,3.246379624432154,0.548,0.8253012048192772
3.0,1.5,22,2.878,3.246379624432154,0.576,0.8355899419729207
3.0,1.5,23,2.744,3.246379624432154,0.58,0.8397683397683398
3.0,1.5,24,2.888,3.246379624432154,0.588,0.8732673267326733
3.0,1.5,25,2.648,3.246379624432154,0.5453333333333333,0.8196392785571143
3.0,1.5,26,2.69,3.246379624432154,0.5573333333333333,0.8530612244897959
3.0,1.5,27,2.83,3.246379624432154,0.5666666666666667,0.8333333333333334
3.0,1.5,28,2.812,3.246379624432154,0.5706666666666667,0.8106060606060606
3.0,1.5,29,2.816,3.246379624432154,0.5826666666666667,0.853515625
3.0,2.0,0,3.618,4.3285061659095385,0.541,0.7909356725146199
3.0,2.0,1,3.472,4.3285061659095385,0.541,0.7863372093023255
3.0,2.0,2,3.608,4.3285061659095385,0.564,0.8126801152737753
3.0,2.0,3,3.526,4.3285061659095385,0.541,0.8014814814814815
3.0,2.0,4,3.52,4.3285061659095385,0.548,0.8094534711964549
3.0,2.0,5,3.806,4.3285061659095385,0.574,0.8153409090909091
3.0,2.0,6,3.508,4.3285061659095385,0.532,0.7835051546391752
3.0,2.0,7,3.756,4.3285061659095385,0.571,0.8421828908554573
3.0,2.0,8,3.698,4.3285061659095385,0.553,0.8204747774480712
3.0,2.0,9,3.642,4.3285061659095385,0.56,0.8045977011494253
3.0,2.0,10,3.764,4.3285061659095385,0.554,0.8147058823529412
3.0,2.0,11,3.412,4.3285061659095385,0.518,0.7860394537177542
3.0,2.0,12,3.59,4.3285061659095385,0.547,0.8237951807228916
3.0,2.0,13,3.656,4.3285061659095385,0.561,0.796875
3.0,2.0,14,3.464,4.3285061659095385,0.537,0.782798833819242
3.0,2.0,15,3.59,4.3285061659095385,0.552,0.8251121076233184
3.0,2.0,16,3.518,4.3285061659095385,0.532,0.7858197932053176
3.0,2.0,17,3.472,4.3285061659095385,0.534,0.7739130434782608
3.0,2.0,18,3.6,4.3285061659095385,0.551,0.8138847858197932
3.0,2.0,19,3.548,4.3285061659095385,0.542,0.8338461538461538
3.0,2.0,20,3.486,4.3285061659095385,0.531,0.7831858407079646
3.0,2.0,21,3.686,4.3285061659095385,0.557,0.8131386861313868
3.0,2.0,22,3.656,4.3285061659095385,0.553,0.7911301859799714
3.0,2.0,23,3.666,4.3285061659095385,0.549,0.7922077922077922
3.0,2.0,24,3.518,4.3285061659095385,0.535,0.7997010463378177
3.0,2.0,25,3.372,4.3285061659095385,0.522,0.8006134969325154
3.0,2.0,26,3.508,4.3285061659095385,0.541,0.8086696562032885
3.0,2.0,27,3.528,4.3285061659095385,0.547,0.8376722817764165
3.0,2.0,28,3.4,4.3285061659095385,0.518,0.7908396946564885
3.0,2.0,29,3.28,4.3285061659095385,0.502,0.784375
3.0,2.5,0,4.276,5.410632707386923,0.5224,0.7664319248826291
3.0,2.5,1,4.074,5.410632707386923,0.4888,0.741504854368932
3.0,2.5,2,4.152,5.410632707386923,0.4936,0.7626699629171817
3.0,2.5,3,4.478,5.410632707386923,0.5392,0.7995255041518387
3.0,2.5,4,4.63,5.410632707386923,0.556,0.7800224466891134
3.0,2.5,5,4.218,5.410632707386923,0.5176,0.754079254079254
3.0,2.5,6,4.22,5.410632707386923,0.5112,0.75
3.0,2.5,7,4.27,5.410632707386923,0.5128,0.7685851318944844
3.0,2.5,8,4.078,5.410632707386923,0.4992,0.7473053892215569
3.0,2.5,9,4.244,5.410632707386923,0.5264,0.7660069848661234
3.0,2.5,10,4.356,5.410632707386923,0.5336,0.7874852420306966
3.0,2.5,11,4.316,5.410632707386923,0.5272,0.7689614935822637
3.0,2.5,12,4.294,5.410632707386923,0.5248,0.7601390498261877
3.0,2.5,13,4.298,5.410632707386923,0.5136,0.7670250896057348
3.0,2.5,14,4.312,5.410632707386923,0.5288,0.7767332549941246
3.0,2.5,15,4.312,5.410632707386923,0.5264,0.7704918032786885
3.0,2.5,16,4.244,5.410632707386923,0.508,0.7641395908543923
3.0,2.5,17,4.292,5.410632707386923,0.516,0.7846715328467153
3.0,2.5,18,4.332,5.410632707386923,0.5272,0.7826603325415677
3.0,2.5,19,4.032,5.410632707386923,0.5064,0.7369033760186263
3.0,2.5,20,4.236,5.410632707386923,0.5128,0.773220747889023
3.0,2.5,21,4.032,5.410632707386923,0.4968,0.7481927710843373
3.0,2.5,22,4.352,5.410632707386923,0.5312,0.7923627684964201
3.0,2.5,23,4.198,5.410632707386923,0.5128,0.7393310265282583
3.0,2.5,24,4.138,5.410632707386923,0.5112,0.7473684210526316
3.0,2.5,25,4.26,5.410632707386923,0.5224,0.7462857142857143
3.0,2.5,26,4.362,5.410632707386923,0.5256,0.7896634615384616
3.0,2.5,27,4.22,5.410632707386923,0.5072,0.7601918465227818
3.0,2.5,28,4.114,5.410632707386923,0.4992,0.7323943661971831
3.0,2.5,29,4.118,5.410632707386923,0.5024,0.7520958083832335
3.0,3.0,0,4.832,6.492759248864308,0.49466666666666664,0.7100478468899522
3.0,3.0,1,5.256,6.492759248864308,0.528,0.7401869158878505
3.0,3.0,2,5.098,6.492759248864308,0.5153333333333333,0.7382999044890163
3.0,3.0,3,5.126,6.492759248864308,0.5133333333333333,0.7162790697674418
3.0,3.0,4,5.0,6.492759248864308,0.49666666666666665,0.7240038872691934
3.0,3.0,5,4.826,6.492759248864308,0.498,0.7238372093023255
3.0,3.0,6,4.988,6.492759248864308,0.492,0.724950884086444
3.0,3.0,7,5.066,6.492759248864308,0.5046666666666667,0.7370983446932814
3.0,3.0,8,4.966,6.492759248864308,0.48533333333333334,0.7272727272727273
3.0,3.0,9,5.26,6.492759248864308,0.5173333333333333,0.7592954990215264
3.0,3.0,10,4.798,6.492759248864308,0.49,0.7108317214700194
3.0,3.0,11,4.972,6.492759248864308,0.51,0.7478005865102639
3.0,3.0,12,5.204,6.492759248864308,0.5193333333333333,0.7440305635148042
3.0,3.0,13,5.162,6.492759248864308,0.5293333333333333,0.7612655800575263
3.0,3.0,14,4.912,6.492759248864308,0.506,0.7319189971070396
3.0,3.0,15,4.792,6.492759248864308,0.492,0.724950884086444
3.0,3.0,16,4.848,6.492759248864308,0.49133333333333334,0.7304261645193261
3.0,3.0,17,4.868,6.492759248864308,0.49733333333333335,0.732090284592738
3.0,3.0,18,5.182,6.492759248864308,0.5186666666666667,0.7502410800385728
3.0,3.0,19,4.834,6.492759248864308,0.496,0.7153846153846154
3.0,3.0,20,4.836,6.492759248864308,0.49733333333333335,0.7249757045675413
3.0,3.0,21,4.812,6.492759248864308,0.48,0.7024390243902439
3.0,3.0,22,4.908,6.492759248864308,0.49866666666666665,0.7269193391642371
3.0,3.0,23,5.002,6.492759248864308,0.51,0.7327586206896551
3.0,3.0,24,4.998,6.492759248864308,0.51,0.7237464522232734
3.0,3.0,25,4.85,6.492759248864308,0.49333333333333335,0.7177497575169738
3.0,3.0,26,4.84,6.492759248864308,0.4846666666666667,0.7212301587301587
3.0,3.0,27,5.022,6.492759248864308,0.5073333333333333,0.7409931840311588
3.0,3.0,28,4.872,6.492759248864308,0.494,0.7358490566037735
3.0,3.0,29,5.072,6.492759248864308,0.51,0.7327586206896551
3.0,3.5,0,5.402,7.574885790341693,0.4765714285714286,0.7026116259477675
3.0,3.5,1,5.312,7.574885790341693,0.4605714285714286,0.696027633851468
3.0,3.5,2,5.506,7.574885790341693,0.46914285714285714,0.6762767710049423
3.0,3.5,3,5.612,7.574885790341693,0.47714285714285715,0.6969949916527546
3.0,3.5,4,5.454,7.574885790341693,0.47314285714285714,0.7175043327556326
3.0,3.5,5,5.698,7.574885790341693,0.49028571428571427,0.7197986577181208
3.0,3.5,6,5.634,7.574885790341693,0.48228571428571426,0.6912366912366913
3.0,3.5,7,5.728,7.574885790341693,0.49142857142857144,0.7172643869891576
3.0,3.5,8,5.512,7.574885790341693,0.4765714285714286,0.6932668329177057
3.0,3.5,9,5.746,7.574885790341693,0.49028571428571427,0.7155963302752294
3.0,3.5,10,5.564,7.574885790341693,0.48114285714285715,0.7135593220338983
3.0,3.5,11,5.584,7.574885790341693,0.472,0.6923721709974854
3.0,3.5,12,5.172,7.574885790341693,0.44971428571428573,0.6909569798068481
3.0,3.5,13,5.578,7.574885790341693,0.48742857142857143,0.7126148705096074
3.0,3.5,14,5.732,7.574885790341693,0.4897142857142857,0.6967479674796748
3.0,3.5,15,5.578,7.574885790341693,0.484,0.7034883720930233
3.0,3.5,16,5.3,7.574885790341693,0.46114285714285713,0.6932989690721649
3.0,3.5,17,5.262,7.574885790341693,0.4554285714285714,0.707187222715173
3.0,3.5,18,5.518,7.574885790341693,0.4754285714285714,0.6956521739130435
3.0,3.5,19,5.46,7.574885790341693,0.47885714285714287,0.7000835421888053
3.0,3.5,20,5.476,7.574885790341693,0.472,0.6917922948073701
3.0,3.5,21,5.436,7.574885790341693,0.4725714285714286,0.6937919463087249
3.0,3.5,22,5.586,7.574885790341693,0.47885714285714287,0.7089678510998308
3.0,3.5,23,5.868,7.574885790341693,0.5062857142857143,0.714516129032258
3.0,3.5,24,5.504,7.574885790341693,0.4794285714285714,0.696843853820598
3.0,3.5,25,5.428,7.574885790341693,0.4674285714285714,0.6856663872590109
3.0,3.5,26,5.512,7.574885790341693,0.48857142857142855,0.7048639736191261
3.0,3.5,27,5.386,7.574885790341693,0.46114285714285713,0.6927038626609442
3.0,3.5,28,5.848,7.574885790341693,0.5028571428571429,0.7364016736401674
3.0,3.5,29,5.838,7.574885790341693,0.5011428571428571,0.7235973597359736
3.0,4.0,0,6.146,8.657012331819077,0.4585,0.671303074670571
3.0,4.0,1,6.314,8.657012331819077,0.475,0.6761565836298933
3.0,4.0,2,6.108,8.657012331819077,0.451,0.6854103343465046
3.0,4.0,3,6.418,8.657012331819077,0.481,0.6827537260468417
3.0,4.0,4,6.324,8.657012331819077,0.48,0.6827880512091038
3.0,4.0,5,6.314,8.657012331819077,0.479,0.6902017291066282
3.0,4.0,6,6.05,8.657012331819077,0.457,0.6705796038151137
3.0,4.0,7,6.122,8.657012331819077,0.462,0.6809137803979366
3.0,4.0,8,6.374,8.657012331819077,0.485,0.6928571428571428
3.0,4.0,9,6.122,8.657012331819077,0.4675,0.677536231884058
3.0,4.0,10,6.176,8.657012331819077,0.4685,0.6721664275466284
3.0,4.0,11,6.302,8.657012331819077,0.4645,0.6766205389657683
3.0,4.0,12,6.314,8.657012331819077,0.474,0.6945054945054945
3.0,4.0,13,6.092,8.657012331819077,0.4615,0.6821877309682187
3.0,4.0,14,6.15,8.657012331819077,0.461,0.677443056576047
3.0,4.0,15,6.11,8.657012331819077,0.4595,0.6807407407407408
3.0,4.0,16,6.096,8.657012331819077,0.4625,0.6707759245830311
3.0,4.0,17,6.032,8.657012331819077,0.4565,0.6767976278724982
3.0,4.0,18,6.268,8.657012331819077,0.4765,0.685118619698059
3.0,4.0,19,6.178,8.657012331819077,0.462,0.6895522388059702
3.0,4.0,20,6.15,8.657012331819077,0.4605,0.6747252747252748
3.0,4.0,21,6.226,8.657012331819077,0.456,0.6983154670750383
3.0,4.0,22,6.038,8.657012331819077,0.4605,0.6762114537444934
3.0,4.0,23,6.064,8.657012331819077,0.455,0.6671554252199413
3.0,4.0,24,6.01,8.657012331819077,0.4635,0.6574468085106383
3.0,4.0,25,6.104,8.657012331819077,0.448,0.668158090976883
3.0,4.0,26,6.092,8.657012331819077,0.464,0.6813509544787077
3.0,4.0,27,6.296,8.657012331819077,0.4685,0.7045112781954888
3.0,4.0,28,6.262,8.657012331819077,0.468,0.6862170087976539
3.0,4.0,29,6.324,8.657012331819077,0.466,0.7007518796992481
3.0,4.5,0,7.022,9.739138873296461,0.4688888888888889,0.671546785486951
3.0,4.5,1,6.728,9.739138873296461,0.43777777777777777,0.6632996632996633
3.0,4.5,2,6.986,9.739138873296461,0.4688888888888889,0.6832901554404145
3.0,4.5,3,6.644,9.739138873296461,0.44,0.6513157894736842
3.0,4.5,4,6.58,9.739138873296461,0.44355555555555554,0.6455368693402329
3.0,4.5,5,6.648,9.739138873296461,0.444,0.6576695194206715
3.0,4.5,6,6.52,9.739138873296461,0.436,0.6437007874015748
3.0,4.5,7,6.646,9.739138873296461,0.4457777777777778,0.6512987012987013
3.0,4.5,8,6.69,9.739138873296461,0.4484444444444444,0.6726666666666666
3.0,4.5,9,6.764,9.739138873296461,0.45511111111111113,0.6509853782581055
3.0,4.5,10,6.52,9.739138873296461,0.4275555555555556,0.6522033898305085
3.0,4.5,11,6.35,9.739138873296461,0.424,0.6355762824783477
3.0,4.5,12,6.59,9.739138873296461,0.4431111111111111,0.6598279285241562
3.0,4.5,13,6.752,9.739138873296461,0.44666666666666666,0.6555772994129159
3.0,4.5,14,6.5,9.739138873296461,0.43377777777777776,0.6395806028833552
3.0,4.5,15,6.736,9.739138873296461,0.4457777777777778,0.6727028839704896
3.0,4.5,16,6.884,9.739138873296461,0.46044444444444443,0.6636771300448431
3.0,4.5,17,6.658,9.739138873296461,0.43866666666666665,0.6615281501340483
3.0,4.5,18,6.738,9.739138873296461,0.4497777777777778,0.6631716906946264
3.0,4.5,19,6.674,9.739138873296461,0.44533333333333336,0.6626984126984127
3.0,4.5,20,6.448,9.739138873296461,0.42177777777777775,0.6526822558459422
3.0,4.5,21,6.536,9.739138873296461,0.44222222222222224,0.6222639149468417
3.0,4.5,22,6.752,9.739138873296461,0.4622222222222222,0.6722689075630253
3.0,4.5,23,6.388,9.739138873296461,0.42933333333333334,0.631785480706344
3.0,4.5,24,6.754,9.739138873296461,0.4471111111111111,0.6536712150747238
3.0,4.5,25,6.584,9.739138873296461,0.44266666666666665,0.6442432082794308
3.0,4.5,26,6.614,9.739138873296461,0.43955555555555553,0.649376231122784
3.0,4.5,27,6.388,9.739138873296461,0.4288888888888889,0.6524678837052063
3.0,4.5,28,6.818,9.739138873296461,0.4533333333333333,0.6597671410090556
3.0,4.5,29,6.738,9.739138873296461,0.4533333333333333,0.6666666666666666
3.0,5.0,0,7.178,10.821265414773846,0.4444,0.620323841429369
3.0,5.0,1,7.382,10.821265414773846,0.4404,0.6495575221238938
3.0,5.0,2,7.174,10.821265414773846,0.4316,0.6255072463768115
3.0,5.0,3,7.348,10.821265414773846,0.4328,0.6428995840760546
3.0,5.0,4,7.342,10.821265414773846,0.4428,0.6325714285714286
3.0,5.0,5,7.032,10.821265414773846,0.412,0.6417445482866043
3.0,5.0,6,7.068,10.821265414773846,0.4256,0.6405779650812763
3.0,5.0,7,7.104,10.821265414773846,0.426,0.6279481132075472
3.0,5.0,8,6.95,10.821265414773846,0.4264,0.6060261512222854
3.0,5.0,9,7.084,10.821265414773846,0.4156,0.6118963486454653
3.0,5.0,10,7.294,10.821265414773846,0.4472,0.648868253047011
3.0,5.0,11,7.036,10.821265414773846,0.4208,0.6084441873915558
3.0,5.0,12,7.3,10.821265414773846,0.4348,0.6305104408352669
3.0,5.0,13,7.22,10.821265414773846,0.4376,0.6386456509048453
3.0,5.0,14,7.444,10.821265414773846,0.438,0.6498516320474778
3.0,5.0,15,7.254,10.821265414773846,0.4264,0.6379413524835428
3.0,5.0,16,7.13,10.821265414773846,0.426,0.6373429084380611
3.0,5.0,17,7.412,10.821265414773846,0.4436,0.6601190476190476
3.0,5.0,18,7.106,10.821265414773846,0.4256,0.6299585553582001
3.0,5.0,19,7.154,10.821265414773846,0.4332,0.624207492795389
3.0,5.0,20,7.266,10.821265414773846,0.4352,0.6307246376811594
3.0,5.0,21,6.984,10.821265414773846,0.4252,0.6091690544412608
3.0,5.0,22,7.06,10.821265414773846,0.4228,0.615608619685498
3.0,5.0,23,7.212,10.821265414773846,0.428,0.6516443361753959
3.0,5.0,24,7.218,10.821265414773846,0.4348,0.6183162684869169
3.0,5.0,25,6.822,10.821265414773846,0.4088,0.6054502369668247
3.0,5.0,26,7.112,10.821265414773846,0.428,0.6353919239904988
3.0,5.0,27,6.92,10.821265414773846,0.4128,0.6070588235294118
3.0,5.0,28,6.97,10.821265414773846,0.4128,0.625075711689885
3.0,5.0,29,7.356,10.821265414773846,0.4384,0.6469893742621016
